2000-02-15,22.92
2000-02-16,23.51
2000-02-17,23.17
2000-02-18,26.0
2000-02-22,25.860001
2000-02-23,23.889999
2000-02-24,24.379999
2000-02-25,25.200001
2000-02-28,24.68
2000-02-29,23.370001
2000-03-01,21.639999
2000-03-02,21.059999
2000-03-03,19.209999
2000-03-06,21.5
2000-03-07,24.309999
2000-03-08,23.82
2000-03-09,22.209999
2000-03-10,21.24
2000-03-13,22.85
2000-03-14,24.41
2000-03-15,22.34
2000-03-16,20.77
2000-03-17,22.370001
2000-03-20,22.959999
2000-03-21,21.700001
2000-03-22,21.49
2000-03-23,22.26
2000-03-24,23.309999
2000-03-27,24.530001
2000-03-28,24.860001
2000-03-29,24.1
2000-03-30,25.469999
2000-03-31,24.110001
2000-04-03,24.030001
2000-04-04,27.120001
2000-04-05,28.41
2000-04-06,27.15
2000-04-07,24.389999
2000-04-10,25.99
2000-04-11,27.25
2000-04-12,28.98
2000-04-13,29.4
2000-04-14,33.490002
2000-04-17,28.950001
2000-04-18,26.120001
2000-04-19,27.02
2000-04-20,25.85
2000-04-24,27.370001
2000-04-25,25.24
2000-04-26,26.969999
2000-04-27,26.190001
2000-04-28,26.200001
2000-05-01,25.879999
2000-05-02,28.5
2000-05-03,31.629999
2000-05-04,30.77
2000-05-05,27.530001
2000-05-08,28.200001
2000-05-09,28.93
2000-05-10,29.870001
2000-05-11,27.76
2000-05-12,26.049999
2000-05-15,24.860001
2000-05-16,24.34
2000-05-17,23.98
2000-05-18,23.959999
2000-05-19,25.440001
2000-05-22,26.0
2000-05-23,25.870001
2000-05-24,24.32
2000-05-25,24.58
2000-05-26,24.469999
2000-05-30,23.620001
2000-05-31,23.65
2000-06-01,22.360001
2000-06-02,21.48
2000-06-05,22.709999
2000-06-06,23.049999
2000-06-07,22.48
2000-06-08,22.77
2000-06-09,22.139999
2000-06-12,22.32
2000-06-13,21.67
2000-06-14,21.48
2000-06-15,20.68
2000-06-16,20.5
2000-06-19,20.629999
2000-06-20,20.879999
2000-06-21,20.610001
2000-06-22,22.0
2000-06-23,22.34
2000-06-26,22.450001
2000-06-27,21.799999
2000-06-28,20.290001
2000-06-29,19.700001
2000-06-30,19.540001
2000-07-03,19.83
2000-07-05,21.16
2000-07-06,20.940001
2000-07-07,19.219999
2000-07-10,20.33
2000-07-11,20.110001
2000-07-12,20.030001
2000-07-13,20.030001
2000-07-14,19.32
2000-07-17,19.450001
2000-07-18,19.75
2000-07-19,19.65
2000-07-20,18.940001
2000-07-21,18.940001
2000-07-24,19.92
2000-07-25,19.389999
2000-07-26,19.67
2000-07-27,19.6
2000-07-28,20.84
2000-07-31,20.74
2000-08-01,20.549999
2000-08-02,20.0
2000-08-03,19.99
2000-08-04,18.620001
2000-08-07,19.030001
2000-08-08,18.790001
2000-08-09,19.18
2000-08-10,19.190001
2000-08-11,18.549999
2000-08-14,17.879999
2000-08-15,17.98
2000-08-16,18.02
2000-08-17,17.48
2000-08-18,17.049999
2000-08-21,17.35
2000-08-22,17.469999
2000-08-23,17.379999
2000-08-24,17.040001
2000-08-25,16.530001
2000-08-28,16.540001
2000-08-29,16.889999
2000-08-30,17.690001
2000-08-31,16.84
2000-09-01,17.530001
2000-09-05,19.82
2000-09-06,20.790001
2000-09-07,19.42
2000-09-08,18.459999
2000-09-11,18.4
2000-09-12,18.59
2000-09-13,18.32
2000-09-14,18.26
2000-09-15,18.52
2000-09-18,20.25
2000-09-19,19.540001
2000-09-20,19.93
2000-09-21,20.18
2000-09-22,20.74
2000-09-25,21.41
2000-09-26,21.879999
2000-09-27,21.67
2000-09-28,19.469999
2000-09-29,20.57
2000-10-02,21.23
2000-10-03,21.85
2000-10-04,21.540001
2000-10-05,21.030001
2000-10-06,22.709999
2000-10-09,24.02
2000-10-10,24.860001
2000-10-11,26.57
2000-10-12,30.51
2000-10-13,27.6
2000-10-16,26.790001
2000-10-17,27.84
2000-10-18,28.719999
2000-10-19,25.09
2000-10-20,24.24
2000-10-23,24.690001
2000-10-24,24.280001
2000-10-25,26.65
2000-10-26,28.620001
2000-10-27,26.469999
2000-10-30,25.459999
2000-10-31,23.629999
2000-11-01,24.280001
2000-11-02,23.92
2000-11-03,23.67
2000-11-06,24.52
2000-11-07,24.91
2000-11-08,25.66
2000-11-09,27.200001
2000-11-10,28.530001
2000-11-13,29.059999
2000-11-14,26.809999
2000-11-15,26.15
2000-11-16,25.049999
2000-11-17,24.809999
2000-11-20,27.43
2000-11-21,26.620001
2000-11-22,27.709999
2000-11-24,26.0
2000-11-27,26.93
2000-11-28,27.639999
2000-11-29,27.49
2000-11-30,29.65
2000-12-01,27.48
2000-12-04,27.780001
2000-12-05,24.99
2000-12-06,25.07
2000-12-07,25.34
2000-12-08,22.41
2000-12-11,23.51
2000-12-12,24.879999
2000-12-13,23.629999
2000-12-14,24.860001
2000-12-15,26.549999
2000-12-18,27.700001
2000-12-19,27.17
2000-12-20,31.74
2000-12-21,29.66
2000-12-22,27.549999
2000-12-26,28.73
2000-12-27,28.139999
2000-12-28,26.57
2000-12-29,26.85
2001-01-02,29.99
2001-01-03,26.6
2001-01-04,26.969999
2001-01-05,28.67
2001-01-08,29.84
2001-01-09,27.99
2001-01-10,26.799999
2001-01-11,25.790001
2001-01-12,24.559999
2001-01-16,25.280001
2001-01-17,24.93
2001-01-18,23.370001
2001-01-19,23.24
2001-01-22,23.25
2001-01-23,21.57
2001-01-24,22.030001
2001-01-25,22.639999
2001-01-26,22.57
2001-01-29,22.610001
2001-01-30,22.57
2001-01-31,22.02
2001-02-01,21.66
2001-02-02,21.950001
2001-02-05,22.190001
2001-02-06,21.98
2001-02-07,21.67
2001-02-08,21.459999
2001-02-09,22.030001
2001-02-12,21.92
2001-02-13,21.370001
2001-02-14,21.52
2001-02-15,20.27
2001-02-16,22.120001
2001-02-20,24.690001
2001-02-21,25.75
2001-02-22,26.76
2001-02-23,27.209999
2001-02-26,25.43
2001-02-27,26.49
2001-02-28,28.35
2001-03-01,28.08
2001-03-02,27.43
2001-03-05,27.120001
2001-03-06,25.889999
2001-03-07,24.120001
2001-03-08,24.290001
2001-03-09,25.620001
2001-03-12,30.32
2001-03-13,27.549999
2001-03-14,29.610001
2001-03-15,28.559999
2001-03-16,29.91
2001-03-19,29.780001
2001-03-20,30.959999
2001-03-21,31.93
2001-03-22,32.84
2001-03-23,30.450001
2001-03-26,29.040001
2001-03-27,27.040001
2001-03-28,28.58
2001-03-29,29.17
2001-03-30,28.639999
2001-04-02,31.209999
2001-04-03,34.720001
2001-04-04,34.07
2001-04-05,29.940001
2001-04-06,31.690001
2001-04-09,31.91
2001-04-10,29.440001
2001-04-11,28.459999
2001-04-12,26.120001
2001-04-16,26.33
2001-04-17,25.610001
2001-04-18,24.129999
2001-04-19,24.16
2001-04-20,25.379999
2001-04-23,28.16
2001-04-24,28.49
2001-04-25,27.4
2001-04-26,25.959999
2001-04-27,24.02
2001-04-30,25.48
2001-05-01,24.200001
2001-05-02,24.23
2001-05-03,25.780001
2001-05-04,23.91
2001-05-07,24.860001
2001-05-08,24.440001
2001-05-09,24.35
2001-05-10,24.0
2001-05-11,23.540001
2001-05-14,24.26
2001-05-15,23.709999
2001-05-16,21.889999
2001-05-17,21.469999
2001-05-18,21.23
2001-05-21,20.76
2001-05-22,21.35
2001-05-23,22.08
2001-05-24,20.57
2001-05-25,20.6
2001-05-29,22.139999
2001-05-30,22.76
2001-05-31,22.639999
2001-06-01,21.59
2001-06-04,21.379999
2001-06-05,19.58
2001-06-06,20.389999
2001-06-07,19.67
2001-06-08,19.92
2001-06-11,20.700001
2001-06-12,20.700001
2001-06-13,21.450001
2001-06-14,23.120001
2001-06-15,22.809999
2001-06-18,23.17
2001-06-19,22.34
2001-06-20,21.709999
2001-06-21,19.379999
2001-06-22,20.02
2001-06-25,20.67
2001-06-26,21.200001
2001-06-27,20.879999
2001-06-28,20.01
2001-06-29,19.059999
2001-07-02,18.76
2001-07-03,18.92
2001-07-05,20.09
2001-07-06,21.629999
2001-07-09,22.48
2001-07-10,23.25
2001-07-11,24.01
2001-07-12,22.09
2001-07-13,21.139999
2001-07-16,22.91
2001-07-17,22.610001
2001-07-18,23.6
2001-07-19,22.51
2001-07-20,22.34
2001-07-23,23.74
2001-07-24,25.24
2001-07-25,24.0
2001-07-26,23.01
2001-07-27,22.0
2001-07-30,22.690001
2001-07-31,21.620001
2001-08-01,20.559999
2001-08-02,20.09
2001-08-03,19.889999
2001-08-06,21.889999
2001-08-07,21.01
2001-08-08,22.32
2001-08-09,21.75
2001-08-10,20.549999
2001-08-13,20.42
2001-08-14,20.48
2001-08-15,20.91
2001-08-16,21.540001
2001-08-17,23.84
2001-08-20,22.870001
2001-08-21,24.4
2001-08-22,22.440001
2001-08-23,22.23
2001-08-24,19.709999
2001-08-27,20.559999
2001-08-28,22.0
2001-08-29,23.030001
2001-08-30,25.41
2001-08-31,24.92
2001-09-04,25.85
2001-09-05,26.35
2001-09-06,28.610001
2001-09-07,30.99
2001-09-10,31.84
2001-09-17,41.759998
2001-09-18,38.869999
2001-09-19,40.560001
2001-09-20,43.740002
2001-09-21,42.66
2001-09-24,37.75
2001-09-25,35.810001
2001-09-26,35.259998
2001-09-27,34.0
2001-09-28,31.93
2001-10-01,32.32
2001-10-02,31.18
2001-10-03,31.34
2001-10-04,31.969999
2001-10-05,33.389999
2001-10-08,35.119999
2001-10-09,34.830002
2001-10-10,31.6
2001-10-11,31.5
2001-10-12,35.27
2001-10-15,35.310001
2001-10-16,32.880001
2001-10-17,35.080002
2001-10-18,34.950001
2001-10-19,34.110001
2001-10-22,32.25
2001-10-23,32.0
2001-10-24,30.950001
2001-10-25,29.459999
2001-10-26,28.42
2001-10-29,31.639999
2001-10-30,33.459999
2001-10-31,33.560001
2001-11-01,32.310001
2001-11-02,30.709999
2001-11-05,30.5
2001-11-06,28.799999
2001-11-07,29.129999
2001-11-08,28.620001
2001-11-09,27.440001
2001-11-12,29.35
2001-11-13,26.469999
2001-11-14,26.559999
2001-11-15,25.559999
2001-11-16,25.07
2001-11-19,24.459999
2001-11-20,24.120001
2001-11-21,24.190001
2001-11-23,23.25
2001-11-26,23.790001
2001-11-27,24.0
2001-11-28,25.9
2001-11-29,25.18
2001-11-30,23.84
2001-12-03,25.77
2001-12-04,24.08
2001-12-05,23.02
2001-12-06,23.709999
2001-12-07,23.49
2001-12-10,25.620001
2001-12-11,25.299999
2001-12-12,24.870001
2001-12-13,25.91
2001-12-14,24.629999
2001-12-17,24.26
2001-12-18,23.290001
2001-12-19,22.58
2001-12-20,23.67
2001-12-21,22.5
2001-12-24,22.620001
2001-12-26,22.290001
2001-12-27,21.59
2001-12-28,21.4
2001-12-31,23.799999
2002-01-02,22.709999
2002-01-03,21.34
2002-01-04,20.450001
2002-01-07,21.940001
2002-01-08,21.83
2002-01-09,22.129999
2002-01-10,22.360001
2002-01-11,22.6
2002-01-14,23.58
2002-01-15,22.700001
2002-01-16,23.450001
2002-01-17,22.25
2002-01-18,22.52
2002-01-22,23.610001
2002-01-23,21.879999
2002-01-24,21.15
2002-01-25,21.01
2002-01-28,21.139999
2002-01-29,24.35
2002-01-30,23.219999
2002-01-31,21.09
2002-02-01,21.120001
2002-02-04,24.870001
2002-02-05,25.450001
2002-02-06,26.09
2002-02-07,25.110001
2002-02-08,23.26
2002-02-11,21.780001
2002-02-12,21.620001
2002-02-13,20.85
2002-02-14,21.77
2002-02-15,22.370001
2002-02-19,24.43
2002-02-20,22.66
2002-02-21,23.799999
2002-02-22,22.860001
2002-02-25,21.84
2002-02-26,21.68
2002-02-27,21.49
2002-02-28,21.59
2002-03-01,19.959999
2002-03-04,20.5
2002-03-05,20.299999
2002-03-06,19.940001
2002-03-07,20.040001
2002-03-08,19.27
2002-03-11,19.84
2002-03-12,19.59
2002-03-13,19.459999
2002-03-14,19.200001
2002-03-15,18.42
2002-03-18,18.93
2002-03-19,18.16
2002-03-20,18.459999
2002-03-21,18.15
2002-03-22,17.77
2002-03-25,18.48
2002-03-26,18.129999
2002-03-27,17.700001
2002-03-28,17.4
2002-04-01,18.73
2002-04-02,19.16
2002-04-03,20.200001
2002-04-04,19.780001
2002-04-05,19.129999
2002-04-08,19.610001
2002-04-09,19.469999
2002-04-10,18.190001
2002-04-11,20.299999
2002-04-12,19.42
2002-04-15,19.82
2002-04-16,18.110001
2002-04-17,18.43
2002-04-18,19.290001
2002-04-19,18.299999
2002-04-22,19.77
2002-04-23,20.280001
2002-04-24,20.77
2002-04-25,20.950001
2002-04-26,22.139999
2002-04-29,24.049999
2002-04-30,21.91
2002-05-01,20.059999
2002-05-02,20.07
2002-05-03,20.190001
2002-05-06,22.559999
2002-05-07,21.940001
2002-05-08,20.389999
2002-05-09,21.559999
2002-05-10,22.41
2002-05-13,20.719999
2002-05-14,19.35
2002-05-15,19.190001
2002-05-16,18.5
2002-05-17,17.700001
2002-05-20,19.24
2002-05-21,20.049999
2002-05-22,19.58
2002-05-23,18.23
2002-05-24,18.9
2002-05-28,20.309999
2002-05-29,20.389999
2002-05-30,20.610001
2002-05-31,19.98
2002-06-03,23.370001
2002-06-04,23.889999
2002-06-05,22.610001
2002-06-06,24.16
2002-06-07,23.51
2002-06-10,23.719999
2002-06-11,24.450001
2002-06-12,24.15
2002-06-13,25.02
2002-06-14,25.959999
2002-06-17,24.639999
2002-06-18,24.24
2002-06-19,26.059999
2002-06-20,27.48
2002-06-21,27.23
2002-06-24,26.98
2002-06-25,27.84
2002-06-26,28.42
2002-06-27,26.290001
2002-06-28,25.4
2002-07-01,27.110001
2002-07-02,28.959999
2002-07-03,29.42
2002-07-05,27.110001
2002-07-08,28.25
2002-07-09,30.219999
2002-07-10,34.099998
2002-07-11,33.849998
2002-07-12,32.939999
2002-07-15,35.029999
2002-07-16,36.650002
2002-07-17,35.450001
2002-07-18,35.119999
2002-07-19,38.169998
2002-07-22,41.869999
2002-07-23,44.919998
2002-07-24,39.860001
2002-07-25,39.27
2002-07-26,35.509998
2002-07-29,31.33
2002-07-30,31.92
2002-07-31,32.029999
2002-08-01,36.950001
2002-08-02,41.290001
2002-08-05,45.080002
2002-08-06,42.029999
2002-08-07,38.73
2002-08-08,36.330002
2002-08-09,35.330002
2002-08-12,37.049999
2002-08-13,35.82
2002-08-14,32.360001
2002-08-15,29.43
2002-08-16,28.809999
2002-08-19,28.610001
2002-08-20,29.59
2002-08-21,28.23
2002-08-22,27.75
2002-08-23,29.32
2002-08-26,29.889999
2002-08-27,30.110001
2002-08-28,33.32
2002-08-29,33.669998
2002-08-30,32.639999
2002-09-03,39.970001
2002-09-04,37.439999
2002-09-05,38.860001
2002-09-06,36.330002
2002-09-09,36.450001
2002-09-10,35.080002
2002-09-11,34.810001
2002-09-12,37.5
2002-09-13,35.82
2002-09-16,36.740002
2002-09-17,38.009998
2002-09-18,37.52
2002-09-19,40.650002
2002-09-20,38.98
2002-09-23,39.68
2002-09-24,40.52
2002-09-25,37.330002
2002-09-26,34.599998
2002-09-27,36.970001
2002-09-30,39.689999
2002-10-01,34.119999
2002-10-02,36.830002
2002-10-03,37.310001
2002-10-04,39.459999
2002-10-07,42.639999
2002-10-08,41.02
2002-10-09,42.130001
2002-10-10,37.549999
2002-10-11,35.700001
2002-10-14,36.040001
2002-10-15,34.02
2002-10-16,36.0
2002-10-17,34.099998
2002-10-18,33.529999
2002-10-21,33.110001
2002-10-22,34.09
2002-10-23,33.200001
2002-10-24,34.029999
2002-10-25,30.0
2002-10-28,31.07
2002-10-29,32.27
2002-10-30,31.23
2002-10-31,31.139999
2002-11-01,29.299999
2002-11-04,30.82
2002-11-05,31.23
2002-11-06,30.73
2002-11-07,31.42
2002-11-08,29.41
2002-11-11,31.299999
2002-11-12,30.58
2002-11-13,31.24
2002-11-14,28.67
2002-11-15,26.65
2002-11-18,27.66
2002-11-19,27.41
2002-11-20,25.32
2002-11-21,23.809999
2002-11-22,23.16
2002-11-25,24.07
2002-11-26,25.969999
2002-11-27,27.25
2002-11-29,27.5
2002-12-02,27.459999
2002-12-03,28.33
2002-12-04,28.92
2002-12-05,30.1
2002-12-06,28.879999
2002-12-09,30.780001
2002-12-10,28.76
2002-12-11,27.76
2002-12-12,27.290001
2002-12-13,28.18
2002-12-16,26.24
2002-12-17,26.66
2002-12-18,28.290001
2002-12-19,30.209999
2002-12-20,26.709999
2002-12-23,26.200001
2002-12-24,26.49
2002-12-26,27.370001
2002-12-27,29.549999
2002-12-30,29.620001
2002-12-31,28.620001
2003-01-02,25.389999
2003-01-03,24.68
2003-01-06,24.91
2003-01-07,25.129999
2003-01-08,25.530001
2003-01-09,24.25
2003-01-10,24.32
2003-01-13,24.9
2003-01-14,24.57
2003-01-15,25.51
2003-01-16,25.01
2003-01-17,25.700001
2003-01-21,27.59
2003-01-22,29.01
2003-01-23,27.530001
2003-01-24,31.51
2003-01-27,34.689999
2003-01-28,31.93
2003-01-29,31.26
2003-01-30,31.32
2003-01-31,31.17
2003-02-03,31.02
2003-02-04,32.759998
2003-02-05,33.040001
2003-02-06,33.349998
2003-02-07,34.009998
2003-02-10,33.990002
2003-02-11,33.68
2003-02-12,34.330002
2003-02-13,33.700001
2003-02-14,32.619999
2003-02-18,31.110001
2003-02-19,31.309999
2003-02-20,31.16
2003-02-21,30.25
2003-02-24,31.98
2003-02-25,31.74
2003-02-26,31.940001
2003-02-27,30.530001
2003-02-28,29.629999
2003-03-03,30.43
2003-03-04,31.83
2003-03-05,30.379999
2003-03-06,31.370001
2003-03-07,31.08
2003-03-10,33.310001
2003-03-11,33.610001
2003-03-12,33.509998
2003-03-13,31.76
2003-03-14,30.98
2003-03-17,31.75
2003-03-18,30.43
2003-03-19,31.540001
2003-03-20,30.440001
2003-03-21,28.67
2003-03-24,30.389999
2003-03-25,28.75
2003-03-26,28.23
2003-03-27,27.959999
2003-03-28,27.75
2003-03-31,29.15
2003-04-01,28.360001
2003-04-02,28.02
2003-04-03,28.209999
2003-04-04,29.129999
2003-04-07,28.450001
2003-04-08,27.129999
2003-04-09,27.110001
2003-04-10,25.6
2003-04-11,24.440001
2003-04-14,23.41
2003-04-15,22.559999
2003-04-16,22.52
2003-04-17,21.5
2003-04-21,21.950001
2003-04-22,20.700001
2003-04-23,20.799999
2003-04-24,20.33
2003-04-25,20.799999
2003-04-28,20.84
2003-04-29,20.76
2003-04-30,21.209999
2003-05-01,21.59
2003-05-02,20.629999
2003-05-05,21.129999
2003-05-06,20.799999
2003-05-07,21.0
2003-05-08,21.24
2003-05-09,19.690001
2003-05-12,19.52
2003-05-13,19.91
2003-05-14,20.0
2003-05-15,19.24
2003-05-16,18.4
2003-05-19,20.51
2003-05-20,21.290001
2003-05-21,21.209999
2003-05-22,19.780001
2003-05-23,19.17
2003-05-27,19.99
2003-05-28,20.030001
2003-05-29,20.43
2003-05-30,19.469999
2003-06-02,20.85
2003-06-03,20.84
2003-06-04,20.620001
2003-06-05,20.83
2003-06-06,21.25
2003-06-09,22.15
2003-06-10,20.639999
2003-06-11,20.209999
2003-06-12,20.41
2003-06-13,20.66
2003-06-16,20.219999
2003-06-17,20.01
2003-06-18,19.76
2003-06-19,19.799999
2003-06-20,19.139999
2003-06-23,20.58
2003-06-24,20.75
2003-06-25,20.809999
2003-06-26,19.4
2003-06-27,19.16
2003-06-30,19.52
2003-07-01,19.459999
2003-07-02,19.030001
2003-07-03,19.389999
2003-07-07,20.059999
2003-07-08,19.48
2003-07-09,18.93
2003-07-10,19.190001
2003-07-11,18.469999
2003-07-14,19.59
2003-07-15,19.549999
2003-07-16,19.76
2003-07-17,20.219999
2003-07-18,19.110001
2003-07-21,19.780001
2003-07-22,19.17
2003-07-23,18.639999
2003-07-24,18.6
2003-07-25,17.75
2003-07-28,18.360001
2003-07-29,18.67
2003-07-30,18.85
2003-07-31,19.49
2003-08-01,20.75
2003-08-04,21.27
2003-08-05,22.68
2003-08-06,21.5
2003-08-07,20.26
2003-08-08,19.59
2003-08-11,19.75
2003-08-12,17.940001
2003-08-13,18.77
2003-08-14,18.469999
2003-08-15,18.27
2003-08-18,18.18
2003-08-19,17.860001
2003-08-20,17.82
2003-08-21,17.84
2003-08-22,18.549999
2003-08-25,19.530001
2003-08-26,19.49
2003-08-27,19.129999
2003-08-28,18.48
2003-08-29,18.629999
2003-09-02,19.02
2003-09-03,19.440001
2003-09-04,18.709999
2003-09-05,18.17
2003-09-08,18.26
2003-09-09,18.85
2003-09-10,20.01
2003-09-11,19.25
2003-09-12,18.68
2003-09-15,19.280001
2003-09-16,18.030001
2003-09-17,18.15
2003-09-18,17.57
2003-09-19,17.540001
2003-09-22,19.65
2003-09-23,19.469999
2003-09-24,21.219999
2003-09-25,22.26
2003-09-26,22.23
2003-09-29,21.67
2003-09-30,22.719999
2003-10-01,21.07
2003-10-02,20.799999
2003-10-03,19.5
2003-10-06,19.51
2003-10-07,19.41
2003-10-08,19.18
2003-10-09,18.82
2003-10-10,18.450001
2003-10-13,17.549999
2003-10-14,17.370001
2003-10-15,17.690001
2003-10-16,17.190001
2003-10-17,17.620001
2003-10-20,17.040001
2003-10-21,16.549999
2003-10-22,17.67
2003-10-23,17.68
2003-10-24,17.709999
2003-10-27,18.049999
2003-10-28,16.82
2003-10-29,16.43
2003-10-30,16.33
2003-10-31,16.1
2003-11-03,16.549999
2003-11-04,16.549999
2003-11-05,16.860001
2003-11-06,16.74
2003-11-07,16.93
2003-11-10,17.620001
2003-11-11,17.540001
2003-11-12,16.75
2003-11-13,16.469999
2003-11-14,16.940001
2003-11-17,18.6
2003-11-18,19.110001
2003-11-19,18.799999
2003-11-20,19.48
2003-11-21,18.98
2003-11-24,17.440001
2003-11-25,16.709999
2003-11-26,16.23
2003-11-28,16.32
2003-12-01,16.77
2003-12-02,16.27
2003-12-03,16.629999
2003-12-04,16.299999
2003-12-05,17.09
2003-12-08,16.540001
2003-12-09,17.629999
2003-12-10,17.870001
2003-12-11,16.73
2003-12-12,16.41
2003-12-15,17.23
2003-12-16,15.93
2003-12-17,15.58
2003-12-18,16.16
2003-12-19,16.42
2003-12-22,16.940001
2003-12-23,16.49
2003-12-24,16.66
2003-12-26,17.450001
2003-12-29,17.09
2003-12-30,17.68
2003-12-31,18.309999
2004-01-02,18.219999
2004-01-05,17.49
2004-01-06,16.73
2004-01-07,15.5
2004-01-08,15.61
2004-01-09,16.75
2004-01-12,16.82
2004-01-13,18.040001
2004-01-14,16.75
2004-01-15,15.56
2004-01-16,15.0
2004-01-20,15.21
2004-01-21,14.34
2004-01-22,14.71
2004-01-23,14.84
2004-01-26,14.55
2004-01-27,15.35
2004-01-28,16.780001
2004-01-29,17.139999
2004-01-30,16.629999
2004-02-02,17.110001
2004-02-03,17.34
2004-02-04,17.870001
2004-02-05,17.709999
2004-02-06,16.0
2004-02-09,16.389999
2004-02-10,15.94
2004-02-11,15.39
2004-02-12,15.31
2004-02-13,15.58
2004-02-17,15.4
2004-02-18,15.59
2004-02-19,15.8
2004-02-20,16.040001
2004-02-23,16.290001
2004-02-24,15.9
2004-02-25,14.93
2004-02-26,14.83
2004-02-27,14.55
2004-03-01,14.44
2004-03-02,14.86
2004-03-03,14.55
2004-03-04,14.4
2004-03-05,14.48
2004-03-08,15.79
2004-03-09,16.6
2004-03-10,18.67
2004-03-11,20.67
2004-03-12,18.299999
2004-03-15,21.129999
2004-03-16,20.34
2004-03-17,18.110001
2004-03-18,18.530001
2004-03-19,19.15
2004-03-22,21.58
2004-03-23,20.67
2004-03-24,19.809999
2004-03-25,17.879999
2004-03-26,17.33
2004-03-29,16.5
2004-03-30,16.280001
2004-03-31,16.74
2004-04-01,16.65
2004-04-02,15.64
2004-04-05,14.97
2004-04-06,15.32
2004-04-07,15.76
2004-04-08,16.26
2004-04-12,15.28
2004-04-13,17.26
2004-04-14,15.62
2004-04-15,15.74
2004-04-16,14.94
2004-04-19,15.42
2004-04-20,16.67
2004-04-21,15.6
2004-04-22,14.61
2004-04-23,14.01
2004-04-26,14.77
2004-04-27,15.07
2004-04-28,16.290001
2004-04-29,16.6
2004-04-30,17.190001
2004-05-03,16.620001
2004-05-04,16.549999
2004-05-05,15.77
2004-05-06,17.049999
2004-05-07,18.129999
2004-05-10,19.77
2004-05-11,18.57
2004-05-12,18.139999
2004-05-13,18.860001
2004-05-14,18.469999
2004-05-17,19.959999
2004-05-18,19.33
2004-05-19,18.93
2004-05-20,18.67
2004-05-21,18.49
2004-05-24,18.08
2004-05-25,15.96
2004-05-26,15.97
2004-05-27,15.28
2004-05-28,15.5
2004-06-01,16.299999
2004-06-02,16.08
2004-06-03,17.030001
2004-06-04,16.780001
2004-06-07,15.39
2004-06-08,15.01
2004-06-09,15.39
2004-06-10,15.04
2004-06-14,16.07
2004-06-15,15.05
2004-06-16,14.79
2004-06-17,15.15
2004-06-18,14.99
2004-06-21,15.26
2004-06-22,14.31
2004-06-23,13.98
2004-06-24,14.81
2004-06-25,15.19
2004-06-28,16.07
2004-06-29,15.47
2004-06-30,14.34
2004-07-01,15.2
2004-07-02,15.08
2004-07-06,16.25
2004-07-07,15.81
2004-07-08,16.200001
2004-07-09,15.78
2004-07-12,14.96
2004-07-13,14.46
2004-07-14,13.76
2004-07-15,14.71
2004-07-16,14.34
2004-07-19,15.17
2004-07-20,14.17
2004-07-21,16.41
2004-07-22,15.75
2004-07-23,16.5
2004-07-26,17.299999
2004-07-27,16.549999
2004-07-28,16.15
2004-07-29,15.68
2004-07-30,15.32
2004-08-02,15.37
2004-08-03,16.030001
2004-08-04,16.209999
2004-08-05,18.32
2004-08-06,19.34
2004-08-09,18.889999
2004-08-10,17.469999
2004-08-11,18.040001
2004-08-12,19.08
2004-08-13,17.98
2004-08-16,17.57
2004-08-17,17.02
2004-08-18,16.23
2004-08-19,16.959999
2004-08-20,16.0
2004-08-23,15.88
2004-08-24,15.33
2004-08-25,14.98
2004-08-26,14.91
2004-08-27,14.71
2004-08-30,15.44
2004-08-31,15.29
2004-09-01,14.91
2004-09-02,14.28
2004-09-03,13.91
2004-09-07,14.07
2004-09-08,14.06
2004-09-09,14.01
2004-09-10,13.76
2004-09-13,13.17
2004-09-14,13.56
2004-09-15,14.64
2004-09-16,14.39
2004-09-17,14.03
2004-09-20,14.43
2004-09-21,13.66
2004-09-22,14.74
2004-09-23,14.8
2004-09-24,14.28
2004-09-27,14.62
2004-09-28,13.83
2004-09-29,13.21
2004-09-30,13.34
2004-10-01,12.75
2004-10-04,13.41
2004-10-05,13.95
2004-10-06,13.28
2004-10-07,14.5
2004-10-08,15.05
2004-10-11,14.71
2004-10-12,15.05
2004-10-13,15.42
2004-10-14,16.43
2004-10-15,15.04
2004-10-18,14.71
2004-10-19,15.13
2004-10-20,14.85
2004-10-21,14.54
2004-10-22,15.28
2004-10-25,16.58
2004-10-26,16.389999
2004-10-27,15.72
2004-10-28,15.39
2004-10-29,16.27
2004-11-01,16.27
2004-11-02,16.18
2004-11-03,14.04
2004-11-04,13.97
2004-11-05,13.84
2004-11-08,13.8
2004-11-09,13.61
2004-11-10,13.08
2004-11-11,13.04
2004-11-12,13.33
2004-11-15,13.38
2004-11-16,13.21
2004-11-17,13.21
2004-11-18,12.98
2004-11-19,13.5
2004-11-22,12.97
2004-11-23,12.67
2004-11-24,12.72
2004-11-26,12.78
2004-11-29,13.3
2004-11-30,13.24
2004-12-01,12.97
2004-12-02,12.98
2004-12-03,12.96
2004-12-06,13.19
2004-12-07,13.67
2004-12-08,13.19
2004-12-09,12.88
2004-12-10,12.76
2004-12-13,12.54
2004-12-14,12.73
2004-12-15,12.35
2004-12-16,12.27
2004-12-17,11.95
2004-12-20,11.83
2004-12-21,11.55
2004-12-22,11.45
2004-12-23,11.23
2004-12-27,12.14
2004-12-28,12.0
2004-12-29,11.62
2004-12-30,12.56
2004-12-31,13.29
2005-01-03,14.08
2005-01-04,13.98
2005-01-05,14.09
2005-01-06,13.58
2005-01-07,13.49
2005-01-10,13.23
2005-01-11,13.19
2005-01-12,12.56
2005-01-13,12.84
2005-01-14,12.43
2005-01-18,12.47
2005-01-19,13.18
2005-01-20,13.83
2005-01-21,14.36
2005-01-24,14.65
2005-01-25,14.06
2005-01-26,13.44
2005-01-27,13.24
2005-01-28,13.24
2005-01-31,12.82
2005-02-01,12.03
2005-02-02,11.66
2005-02-03,11.79
2005-02-04,11.21
2005-02-07,11.73
2005-02-08,11.6
2005-02-09,12.0
2005-02-10,11.51
2005-02-11,11.43
2005-02-14,11.52
2005-02-15,11.27
2005-02-16,11.1
2005-02-17,11.77
2005-02-18,11.18
2005-02-22,13.14
2005-02-23,12.39
2005-02-24,11.57
2005-02-25,11.49
2005-02-28,12.08
2005-03-01,12.04
2005-03-02,12.5
2005-03-03,12.93
2005-03-04,11.94
2005-03-07,12.26
2005-03-08,12.4
2005-03-09,12.7
2005-03-10,12.49
2005-03-11,12.8
2005-03-14,12.39
2005-03-15,13.15
2005-03-16,13.49
2005-03-17,13.29
2005-03-18,13.14
2005-03-21,13.61
2005-03-22,14.27
2005-03-23,14.06
2005-03-24,13.42
2005-03-28,13.75
2005-03-29,14.49
2005-03-30,13.64
2005-03-31,14.02
2005-04-01,14.09
2005-04-04,14.11
2005-04-05,13.68
2005-04-06,13.15
2005-04-07,12.33
2005-04-08,12.62
2005-04-11,11.98
2005-04-12,11.3
2005-04-13,13.31
2005-04-14,14.53
2005-04-15,17.74
2005-04-18,16.559999
2005-04-19,14.96
2005-04-20,16.92
2005-04-21,14.41
2005-04-22,15.38
2005-04-25,14.62
2005-04-26,14.91
2005-04-27,14.87
2005-04-28,16.860001
2005-04-29,15.31
2005-05-02,15.12
2005-05-03,14.53
2005-05-04,13.85
2005-05-05,13.98
2005-05-06,14.05
2005-05-09,13.75
2005-05-10,14.91
2005-05-11,14.45
2005-05-12,16.120001
2005-05-13,16.32
2005-05-16,15.68
2005-05-17,14.57
2005-05-18,13.63
2005-05-19,13.32
2005-05-20,13.14
2005-05-23,12.95
2005-05-24,12.69
2005-05-25,12.58
2005-05-26,12.24
2005-05-27,12.15
2005-05-31,13.29
2005-06-01,12.36
2005-06-02,11.84
2005-06-03,12.15
2005-06-06,12.28
2005-06-07,12.39
2005-06-08,12.7
2005-06-09,12.08
2005-06-10,11.96
2005-06-13,11.65
2005-06-14,11.79
2005-06-15,11.46
2005-06-16,11.15
2005-06-17,11.48
2005-06-20,11.47
2005-06-21,11.08
2005-06-22,11.05
2005-06-23,12.13
2005-06-24,12.18
2005-06-27,12.52
2005-06-28,11.58
2005-06-29,11.77
2005-06-30,12.04
2005-07-01,11.4
2005-07-05,11.68
2005-07-06,12.27
2005-07-07,12.49
2005-07-08,11.45
2005-07-11,11.28
2005-07-12,10.95
2005-07-13,10.84
2005-07-14,10.81
2005-07-15,10.33
2005-07-18,10.77
2005-07-19,10.45
2005-07-20,10.23
2005-07-21,10.97
2005-07-22,10.52
2005-07-25,11.1
2005-07-26,10.99
2005-07-27,10.36
2005-07-28,10.52
2005-07-29,11.57
2005-08-01,12.08
2005-08-02,11.75
2005-08-03,11.83
2005-08-04,12.52
2005-08-05,12.48
2005-08-08,13.21
2005-08-09,12.4
2005-08-10,12.38
2005-08-11,12.42
2005-08-12,12.74
2005-08-15,12.26
2005-08-16,13.52
2005-08-17,13.3
2005-08-18,13.42
2005-08-19,13.42
2005-08-22,13.42
2005-08-23,13.34
2005-08-24,14.17
2005-08-25,13.73
2005-08-26,13.72
2005-08-29,13.52
2005-08-30,13.65
2005-08-31,12.6
2005-09-01,13.15
2005-09-02,13.57
2005-09-06,12.93
2005-09-07,12.52
2005-09-08,12.93
2005-09-09,11.98
2005-09-12,11.65
2005-09-13,12.39
2005-09-14,12.91
2005-09-15,12.49
2005-09-16,11.22
2005-09-19,12.14
2005-09-20,12.64
2005-09-21,13.79
2005-09-22,13.33
2005-09-23,12.96
2005-09-26,13.04
2005-09-27,12.76
2005-09-28,12.63
2005-09-29,12.24
2005-09-30,11.92
2005-10-03,12.46
2005-10-04,13.2
2005-10-05,14.55
2005-10-06,14.96
2005-10-07,14.59
2005-10-10,15.55
2005-10-11,15.63
2005-10-12,16.219999
2005-10-13,16.469999
2005-10-14,14.87
2005-10-17,14.67
2005-10-18,15.33
2005-10-19,13.5
2005-10-20,16.110001
2005-10-21,16.129999
2005-10-24,14.74
2005-10-25,14.53
2005-10-26,14.59
2005-10-27,16.02
2005-10-28,14.25
2005-10-31,15.32
2005-11-01,14.85
2005-11-02,13.48
2005-11-03,13.0
2005-11-04,13.17
2005-11-07,13.1
2005-11-08,13.08
2005-11-09,12.8
2005-11-10,11.9
2005-11-11,11.63
2005-11-14,12.18
2005-11-15,12.23
2005-11-16,12.26
2005-11-17,11.25
2005-11-18,11.12
2005-11-21,10.82
2005-11-22,10.6
2005-11-23,10.96
2005-11-25,10.88
2005-11-28,11.84
2005-11-29,11.89
2005-11-30,12.06
2005-12-01,11.24
2005-12-02,11.01
2005-12-05,11.6
2005-12-06,11.52
2005-12-07,12.18
2005-12-08,12.21
2005-12-09,11.69
2005-12-12,11.47
2005-12-13,11.11
2005-12-14,10.48
2005-12-15,10.73
2005-12-16,10.68
2005-12-19,11.38
2005-12-20,11.19
2005-12-21,10.81
2005-12-22,10.29
2005-12-23,10.27
2005-12-27,11.57
2005-12-28,11.35
2005-12-29,11.61
2005-12-30,12.07
2006-01-03,11.14
2006-01-04,11.37
2006-01-05,11.31
2006-01-06,11.0
2006-01-09,11.13
2006-01-10,10.86
2006-01-11,10.94
2006-01-12,11.2
2006-01-13,11.23
2006-01-17,11.91
2006-01-18,12.25
2006-01-19,11.98
2006-01-20,14.56
2006-01-23,13.93
2006-01-24,13.31
2006-01-25,12.87
2006-01-26,12.42
2006-01-27,11.97
2006-01-30,12.39
2006-01-31,12.95
2006-02-01,12.36
2006-02-02,13.23
2006-02-03,12.96
2006-02-06,13.04
2006-02-07,13.59
2006-02-08,12.83
2006-02-09,13.12
2006-02-10,12.87
2006-02-13,13.35
2006-02-14,12.25
2006-02-15,12.31
2006-02-16,11.48
2006-02-17,12.01
2006-02-21,12.41
2006-02-22,11.88
2006-02-23,11.87
2006-02-24,11.46
2006-02-27,11.59
2006-02-28,12.34
2006-03-01,11.54
2006-03-02,11.72
2006-03-03,11.96
2006-03-06,12.74
2006-03-07,12.66
2006-03-08,12.32
2006-03-09,12.68
2006-03-10,11.85
2006-03-13,11.37
2006-03-14,10.74
2006-03-15,11.35
2006-03-16,11.98
2006-03-17,12.12
2006-03-20,11.79
2006-03-21,11.62
2006-03-22,11.21
2006-03-23,11.17
2006-03-24,11.19
2006-03-27,11.46
2006-03-28,11.58
2006-03-29,10.95
2006-03-30,11.57
2006-03-31,11.39
2006-04-03,11.57
2006-04-04,11.14
2006-04-05,11.13
2006-04-06,11.45
2006-04-07,12.26
2006-04-10,12.19
2006-04-11,13.0
2006-04-12,12.76
2006-04-13,12.38
2006-04-17,12.58
2006-04-18,11.4
2006-04-19,11.32
2006-04-20,11.64
2006-04-21,11.59
2006-04-24,11.75
2006-04-25,11.75
2006-04-26,11.76
2006-04-27,11.84
2006-04-28,11.59
2006-05-01,12.54
2006-05-02,11.99
2006-05-03,11.99
2006-05-04,11.86
2006-05-05,11.62
2006-05-08,12.0
2006-05-09,11.99
2006-05-10,11.78
2006-05-11,12.49
2006-05-12,14.19
2006-05-15,13.57
2006-05-16,13.35
2006-05-17,16.26
2006-05-18,16.99
2006-05-19,17.18
2006-05-22,17.719999
2006-05-23,18.26
2006-05-24,17.360001
2006-05-25,15.5
2006-05-26,14.26
2006-05-30,18.66
2006-05-31,16.440001
2006-06-01,14.52
2006-06-02,14.32
2006-06-05,16.65
2006-06-06,17.34
2006-06-07,17.799999
2006-06-08,18.35
2006-06-09,18.120001
2006-06-12,20.959999
2006-06-13,23.809999
2006-06-14,21.459999
2006-06-15,15.9
2006-06-16,17.25
2006-06-19,17.83
2006-06-20,16.690001
2006-06-21,15.52
2006-06-22,15.88
2006-06-23,15.89
2006-06-26,15.62
2006-06-27,16.4
2006-06-28,15.79
2006-06-29,13.03
2006-06-30,13.08
2006-07-03,13.05
2006-07-05,14.15
2006-07-06,13.65
2006-07-07,13.97
2006-07-10,14.02
2006-07-11,13.14
2006-07-12,14.49
2006-07-13,17.790001
2006-07-14,18.049999
2006-07-17,18.639999
2006-07-18,17.74
2006-07-19,15.55
2006-07-20,16.209999
2006-07-21,17.4
2006-07-24,14.98
2006-07-25,14.85
2006-07-26,14.62
2006-07-27,14.94
2006-07-28,14.33
2006-07-31,14.95
2006-08-01,15.05
2006-08-02,14.34
2006-08-03,14.46
2006-08-04,14.34
2006-08-07,15.23
2006-08-08,15.23
2006-08-09,15.2
2006-08-10,14.46
2006-08-11,14.3
2006-08-14,14.26
2006-08-15,13.42
2006-08-16,12.41
2006-08-17,12.24
2006-08-18,11.64
2006-08-21,12.22
2006-08-22,12.19
2006-08-23,12.4
2006-08-24,12.4
2006-08-25,12.31
2006-08-28,12.18
2006-08-29,12.28
2006-08-30,12.22
2006-08-31,12.31
2006-09-01,11.96
2006-09-05,12.63
2006-09-06,13.74
2006-09-07,13.88
2006-09-08,13.16
2006-09-11,12.99
2006-09-12,11.92
2006-09-13,11.18
2006-09-14,11.55
2006-09-15,11.76
2006-09-18,11.78
2006-09-19,11.98
2006-09-20,11.39
2006-09-21,12.25
2006-09-22,12.59
2006-09-25,12.12
2006-09-26,11.53
2006-09-27,11.58
2006-09-28,11.72
2006-09-29,11.98
2006-10-02,12.57
2006-10-03,12.24
2006-10-04,11.86
2006-10-05,11.98
2006-10-06,11.56
2006-10-09,11.68
2006-10-10,11.52
2006-10-11,11.62
2006-10-12,11.09
2006-10-13,10.75
2006-10-16,11.09
2006-10-17,11.73
2006-10-18,11.34
2006-10-19,10.9
2006-10-20,10.63
2006-10-23,11.08
2006-10-24,10.78
2006-10-25,10.66
2006-10-26,10.56
2006-10-27,10.8
2006-10-30,11.2
2006-10-31,11.1
2006-11-01,11.51
2006-11-02,11.42
2006-11-03,11.16
2006-11-06,11.16
2006-11-07,11.09
2006-11-08,10.75
2006-11-09,11.01
2006-11-10,10.79
2006-11-13,10.86
2006-11-14,10.5
2006-11-15,10.31
2006-11-16,10.16
2006-11-17,10.05
2006-11-20,9.97
2006-11-21,9.9
2006-11-22,10.14
2006-11-24,10.73
2006-11-27,12.3
2006-11-28,11.62
2006-11-29,10.83
2006-11-30,10.91
2006-12-01,11.66
2006-12-04,11.23
2006-12-05,11.27
2006-12-06,11.33
2006-12-07,12.67
2006-12-08,12.07
2006-12-11,10.71
2006-12-12,10.65
2006-12-13,10.18
2006-12-14,9.97
2006-12-15,10.05
2006-12-18,10.6
2006-12-19,10.3
2006-12-20,10.26
2006-12-21,10.53
2006-12-22,11.36
2006-12-26,11.26
2006-12-27,10.64
2006-12-28,10.99
2006-12-29,11.56
2007-01-03,12.04
2007-01-04,11.51
2007-01-05,12.14
2007-01-08,12.0
2007-01-09,11.91
2007-01-10,11.47
2007-01-11,10.87
2007-01-12,10.15
2007-01-16,10.74
2007-01-17,10.59
2007-01-18,10.85
2007-01-19,10.4
2007-01-22,10.77
2007-01-23,10.34
2007-01-24,9.89
2007-01-25,11.22
2007-01-26,11.13
2007-01-29,11.45
2007-01-30,10.96
2007-01-31,10.42
2007-02-01,10.31
2007-02-02,10.08
2007-02-05,10.55
2007-02-06,10.65
2007-02-07,10.32
2007-02-08,10.44
2007-02-09,11.1
2007-02-12,11.61
2007-02-13,10.34
2007-02-14,10.23
2007-02-15,10.22
2007-02-16,10.02
2007-02-20,10.24
2007-02-21,10.2
2007-02-22,10.18
2007-02-23,10.58
2007-02-26,11.15
2007-02-27,18.309999
2007-02-28,15.42
2007-03-01,15.82
2007-03-02,18.610001
2007-03-05,19.629999
2007-03-06,15.96
2007-03-07,15.24
2007-03-08,14.29
2007-03-09,14.09
2007-03-12,13.99
2007-03-13,18.129999
2007-03-14,17.27
2007-03-15,16.43
2007-03-16,16.790001
2007-03-19,14.59
2007-03-20,13.27
2007-03-21,12.19
2007-03-22,12.93
2007-03-23,12.95
2007-03-26,13.11
2007-03-27,13.48
2007-03-28,14.98
2007-03-29,15.14
2007-03-30,14.64
2007-04-02,14.53
2007-04-03,13.46
2007-04-04,13.24
2007-04-05,13.23
2007-04-09,13.14
2007-04-10,12.68
2007-04-11,13.49
2007-04-12,12.71
2007-04-13,12.2
2007-04-16,11.98
2007-04-17,12.14
2007-04-18,12.42
2007-04-19,12.54
2007-04-20,12.07
2007-04-23,13.04
2007-04-24,13.12
2007-04-25,13.21
2007-04-26,12.79
2007-04-27,12.45
2007-04-30,14.22
2007-05-01,13.51
2007-05-02,13.08
2007-05-03,13.09
2007-05-04,12.91
2007-05-07,13.15
2007-05-08,13.21
2007-05-09,12.88
2007-05-10,13.6
2007-05-11,12.95
2007-05-14,13.96
2007-05-15,14.01
2007-05-16,13.5
2007-05-17,13.51
2007-05-18,12.76
2007-05-21,13.3
2007-05-22,13.06
2007-05-23,13.24
2007-05-24,14.08
2007-05-25,13.34
2007-05-29,13.53
2007-05-30,12.83
2007-05-31,13.05
2007-06-01,12.78
2007-06-04,13.29
2007-06-05,13.63
2007-06-06,14.87
2007-06-07,17.059999
2007-06-08,14.84
2007-06-11,14.71
2007-06-12,16.67
2007-06-13,14.73
2007-06-14,13.64
2007-06-15,13.94
2007-06-18,13.42
2007-06-19,12.85
2007-06-20,14.67
2007-06-21,14.21
2007-06-22,15.75
2007-06-25,16.65
2007-06-26,18.889999
2007-06-27,15.53
2007-06-28,15.54
2007-06-29,16.23
2007-07-02,15.4
2007-07-03,15.29
2007-07-05,15.48
2007-07-06,14.72
2007-07-09,15.16
2007-07-10,17.57
2007-07-11,16.639999
2007-07-12,15.54
2007-07-13,15.15
2007-07-16,15.59
2007-07-17,15.63
2007-07-18,16.0
2007-07-19,15.23
2007-07-20,16.950001
2007-07-23,16.809999
2007-07-24,18.549999
2007-07-25,18.1
2007-07-26,20.74
2007-07-27,24.17
2007-07-30,20.870001
2007-07-31,23.52
2007-08-01,23.67
2007-08-02,21.219999
2007-08-03,25.16
2007-08-06,22.940001
2007-08-07,21.559999
2007-08-08,21.450001
2007-08-09,26.48
2007-08-10,28.299999
2007-08-13,26.57
2007-08-14,27.68
2007-08-15,30.67
2007-08-16,30.83
2007-08-17,29.99
2007-08-20,26.33
2007-08-21,25.25
2007-08-22,22.889999
2007-08-23,22.620001
2007-08-24,20.719999
2007-08-27,22.719999
2007-08-28,26.299999
2007-08-29,23.809999
2007-08-30,25.059999
2007-08-31,23.379999
2007-09-04,22.780001
2007-09-05,24.58
2007-09-06,23.99
2007-09-07,26.23
2007-09-10,27.379999
2007-09-11,25.27
2007-09-12,24.959999
2007-09-13,24.76
2007-09-14,24.92
2007-09-17,26.48
2007-09-18,20.35
2007-09-19,20.030001
2007-09-20,20.450001
2007-09-21,19.0
2007-09-24,19.370001
2007-09-25,18.6
2007-09-26,17.629999
2007-09-27,17.0
2007-09-28,18.0
2007-10-01,17.84
2007-10-02,18.49
2007-10-03,18.799999
2007-10-04,18.440001
2007-10-05,16.91
2007-10-08,17.459999
2007-10-09,16.120001
2007-10-10,16.67
2007-10-11,18.879999
2007-10-12,17.73
2007-10-15,19.25
2007-10-16,20.02
2007-10-17,18.540001
2007-10-18,18.5
2007-10-19,22.959999
2007-10-22,21.639999
2007-10-23,20.41
2007-10-24,20.799999
2007-10-25,21.17
2007-10-26,19.559999
2007-10-29,19.870001
2007-10-30,21.07
2007-10-31,18.530001
2007-11-01,23.209999
2007-11-02,23.01
2007-11-05,24.309999
2007-11-06,21.389999
2007-11-07,26.49
2007-11-08,26.16
2007-11-09,28.5
2007-11-12,31.09
2007-11-13,24.1
2007-11-14,25.940001
2007-11-15,28.059999
2007-11-16,25.49
2007-11-19,26.01
2007-11-20,24.879999
2007-11-21,26.84
2007-11-23,25.959999
2007-11-26,28.91
2007-11-27,26.280001
2007-11-28,24.110001
2007-11-29,23.969999
2007-11-30,22.870001
2007-12-03,23.610001
2007-12-04,23.790001
2007-12-05,22.530001
2007-12-06,20.959999
2007-12-07,20.85
2007-12-10,20.74
2007-12-11,23.59
2007-12-12,22.469999
2007-12-13,22.559999
2007-12-14,23.27
2007-12-17,24.52
2007-12-18,22.639999
2007-12-19,21.68
2007-12-20,20.58
2007-12-21,18.469999
2007-12-24,18.6
2007-12-26,18.66
2007-12-27,20.26
2007-12-28,20.74
2007-12-31,22.5
2008-01-02,23.17
2008-01-03,22.49
2008-01-04,23.940001
2008-01-07,23.790001
2008-01-08,25.43
2008-01-09,24.120001
2008-01-10,23.450001
2008-01-11,23.68
2008-01-14,22.9
2008-01-15,23.34
2008-01-16,24.379999
2008-01-17,28.459999
2008-01-18,27.18
2008-01-22,31.01
2008-01-23,29.02
2008-01-24,27.780001
2008-01-25,29.08
2008-01-28,27.780001
2008-01-29,27.32
2008-01-30,27.620001
2008-01-31,26.200001
2008-02-01,24.02
2008-02-04,25.99
2008-02-05,28.24
2008-02-06,28.969999
2008-02-07,27.66
2008-02-08,28.01
2008-02-11,27.6
2008-02-12,26.33
2008-02-13,24.879999
2008-02-14,25.540001
2008-02-15,25.02
2008-02-19,25.59
2008-02-20,24.4
2008-02-21,25.120001
2008-02-22,24.059999
2008-02-25,23.030001
2008-02-26,21.9
2008-02-27,22.690001
2008-02-28,23.530001
2008-02-29,26.540001
2008-03-03,26.280001
2008-03-04,25.52
2008-03-05,24.6
2008-03-06,27.549999
2008-03-07,27.49
2008-03-10,29.379999
2008-03-11,26.360001
2008-03-12,27.219999
2008-03-13,27.290001
2008-03-14,31.16
2008-03-17,32.240002
2008-03-18,25.790001
2008-03-19,29.84
2008-03-20,26.620001
2008-03-24,25.73
2008-03-25,25.719999
2008-03-26,26.08
2008-03-27,25.879999
2008-03-28,25.709999
2008-03-31,25.610001
2008-04-01,22.68
2008-04-02,23.43
2008-04-03,23.209999
2008-04-04,22.450001
2008-04-07,22.42
2008-04-08,22.360001
2008-04-09,22.809999
2008-04-10,21.98
2008-04-11,23.459999
2008-04-14,23.82
2008-04-15,22.780001
2008-04-16,20.530001
2008-04-17,20.370001
2008-04-18,20.129999
2008-04-21,20.5
2008-04-22,20.870001
2008-04-23,20.26
2008-04-24,20.059999
2008-04-25,19.59
2008-04-28,19.639999
2008-04-29,20.24
2008-04-30,20.790001
2008-05-01,18.879999
2008-05-02,18.18
2008-05-05,18.9
2008-05-06,18.209999
2008-05-07,19.73
2008-05-08,19.4
2008-05-09,19.41
2008-05-12,17.790001
2008-05-13,17.98
2008-05-14,17.66
2008-05-15,16.299999
2008-05-16,16.469999
2008-05-19,17.01
2008-05-20,17.58
2008-05-21,18.59
2008-05-22,18.049999
2008-05-23,19.549999
2008-05-27,19.639999
2008-05-28,19.07
2008-05-29,18.139999
2008-05-30,17.83
2008-06-02,19.83
2008-06-03,20.24
2008-06-04,20.799999
2008-06-05,18.629999
2008-06-06,23.559999
2008-06-09,23.120001
2008-06-10,23.18
2008-06-11,24.120001
2008-06-12,23.33
2008-06-13,21.219999
2008-06-16,20.950001
2008-06-17,21.129999
2008-06-18,22.24
2008-06-19,21.58
2008-06-20,22.870001
2008-06-23,22.639999
2008-06-24,22.42
2008-06-25,21.139999
2008-06-26,23.93
2008-06-27,23.440001
2008-06-30,23.950001
2008-07-01,23.65
2008-07-02,25.92
2008-07-03,24.790001
2008-07-07,25.780001
2008-07-08,23.15
2008-07-09,25.23
2008-07-10,25.59
2008-07-11,27.49
2008-07-14,28.48
2008-07-15,28.540001
2008-07-16,25.1
2008-07-17,25.01
2008-07-18,24.049999
2008-07-21,23.049999
2008-07-22,21.18
2008-07-23,21.309999
2008-07-24,23.440001
2008-07-25,22.91
2008-07-28,24.23
2008-07-29,22.030001
2008-07-30,21.209999
2008-07-31,22.940001
2008-08-01,22.57
2008-08-04,23.49
2008-08-05,21.139999
2008-08-06,20.23
2008-08-07,21.15
2008-08-08,20.66
2008-08-11,20.120001
2008-08-12,21.17
2008-08-13,21.549999
2008-08-14,20.34
2008-08-15,19.58
2008-08-18,20.98
2008-08-19,21.280001
2008-08-20,20.42
2008-08-21,19.82
2008-08-22,18.809999
2008-08-25,20.969999
2008-08-26,20.49
2008-08-27,19.76
2008-08-28,19.43
2008-08-29,20.65
2008-09-02,21.99
2008-09-03,21.43
2008-09-04,24.030001
2008-09-05,23.059999
2008-09-08,22.639999
2008-09-09,25.469999
2008-09-10,24.52
2008-09-11,24.389999
2008-09-12,25.66
2008-09-15,31.700001
2008-09-16,30.299999
2008-09-17,36.220001
2008-09-18,33.099998
2008-09-19,32.07
2008-09-22,33.849998
2008-09-23,35.720001
2008-09-24,35.189999
2008-09-25,32.82
2008-09-26,34.740002
2008-09-29,46.720001
2008-09-30,39.389999
2008-10-01,39.810001
2008-10-02,45.259998
2008-10-03,45.139999
2008-10-06,52.049999
2008-10-07,53.68
2008-10-08,57.529999
2008-10-09,63.919998
2008-10-10,69.949997
2008-10-13,54.990002
2008-10-14,55.130001
2008-10-15,69.25
2008-10-16,67.610001
2008-10-17,70.330002
2008-10-20,52.970001
2008-10-21,53.110001
2008-10-22,69.650002
2008-10-23,67.800003
2008-10-24,79.129997
2008-10-27,80.059998
2008-10-28,66.959999
2008-10-29,69.959999
2008-10-30,62.900002
2008-10-31,59.889999
2008-11-03,53.68
2008-11-04,47.73
2008-11-05,54.560001
2008-11-06,63.68
2008-11-07,56.099998
2008-11-10,59.98
2008-11-11,61.439999
2008-11-12,66.459999
2008-11-13,59.830002
2008-11-14,66.309998
2008-11-17,69.150002
2008-11-18,67.639999
2008-11-19,74.260002
2008-11-20,80.860001
2008-11-21,72.669998
2008-11-24,64.699997
2008-11-25,60.900002
2008-11-26,54.919998
2008-11-28,55.279999
2008-12-01,68.510002
2008-12-02,62.98
2008-12-03,60.720001
2008-12-04,63.639999
2008-12-05,59.93
2008-12-08,58.490002
2008-12-09,58.91
2008-12-10,55.73
2008-12-11,55.779999
2008-12-12,54.279999
2008-12-15,56.759998
2008-12-16,52.369999
2008-12-17,49.84
2008-12-18,47.34
2008-12-19,44.93
2008-12-22,44.560001
2008-12-23,45.02
2008-12-24,44.209999
2008-12-26,43.380001
2008-12-29,43.900002
2008-12-30,41.630001
2008-12-31,40.0
2009-01-02,39.189999
2009-01-05,39.080002
2009-01-06,38.560001
2009-01-07,43.389999
2009-01-08,42.560001
2009-01-09,42.82
2009-01-12,45.84
2009-01-13,43.27
2009-01-14,49.139999
2009-01-15,51.0
2009-01-16,46.110001
2009-01-20,56.650002
2009-01-21,46.419998
2009-01-22,47.290001
2009-01-23,47.27
2009-01-26,45.689999
2009-01-27,42.25
2009-01-28,39.66
2009-01-29,42.630001
2009-01-30,44.84
2009-02-02,45.52
2009-02-03,43.060001
2009-02-04,43.849998
2009-02-05,43.73
2009-02-06,43.369999
2009-02-09,43.639999
2009-02-10,46.669998
2009-02-11,44.529999
2009-02-12,41.25
2009-02-13,42.93
2009-02-17,48.66
2009-02-18,48.459999
2009-02-19,47.080002
2009-02-20,49.299999
2009-02-23,52.619999
2009-02-24,45.490002
2009-02-25,44.669998
2009-02-26,44.66
2009-02-27,46.349998
2009-03-02,52.650002
2009-03-03,50.93
2009-03-04,47.560001
2009-03-05,50.169998
2009-03-06,49.330002
2009-03-09,49.68
2009-03-10,44.369999
2009-03-11,43.610001
2009-03-12,41.18
2009-03-13,42.360001
2009-03-16,43.740002
2009-03-17,40.799999
2009-03-18,40.060001
2009-03-19,43.68
2009-03-20,45.889999
2009-03-23,43.23
2009-03-24,42.93
2009-03-25,42.25
2009-03-26,40.360001
2009-03-27,41.040001
2009-03-30,45.540001
2009-03-31,44.139999
2009-04-01,42.279999
2009-04-02,42.040001
2009-04-03,39.700001
2009-04-06,40.93
2009-04-07,40.389999
2009-04-08,38.849998
2009-04-09,36.529999
2009-04-13,37.810001
2009-04-14,37.669998
2009-04-15,36.169998
2009-04-16,35.790001
2009-04-17,33.939999
2009-04-20,39.18
2009-04-21,37.139999
2009-04-22,38.099998
2009-04-23,37.150002
2009-04-24,36.82
2009-04-27,38.32
2009-04-28,37.950001
2009-04-29,36.080002
2009-04-30,36.5
2009-05-01,35.299999
2009-05-04,34.529999
2009-05-05,33.360001
2009-05-06,32.450001
2009-05-07,33.439999
2009-05-08,32.049999
2009-05-11,32.869999
2009-05-12,31.799999
2009-05-13,33.650002
2009-05-14,31.370001
2009-05-15,33.119999
2009-05-18,30.24
2009-05-19,28.799999
2009-05-20,29.030001
2009-05-21,31.35
2009-05-22,32.630001
2009-05-26,30.620001
2009-05-27,32.360001
2009-05-28,31.67
2009-05-29,28.92
2009-06-01,30.040001
2009-06-02,29.629999
2009-06-03,31.02
2009-06-04,30.18
2009-06-05,29.620001
2009-06-08,29.77
2009-06-09,28.27
2009-06-10,28.459999
2009-06-11,28.110001
2009-06-12,28.15
2009-06-15,30.809999
2009-06-16,32.68
2009-06-17,31.540001
2009-06-18,30.030001
2009-06-19,27.99
2009-06-22,31.17
2009-06-23,30.58
2009-06-24,29.049999
2009-06-25,26.360001
2009-06-26,25.93
2009-06-29,25.35
2009-06-30,26.35
2009-07-01,26.219999
2009-07-02,27.950001
2009-07-06,29.0
2009-07-07,30.85
2009-07-08,31.299999
2009-07-09,29.780001
2009-07-10,29.02
2009-07-13,26.309999
2009-07-14,25.02
2009-07-15,25.889999
2009-07-16,25.42
2009-07-17,24.34
2009-07-20,24.4
2009-07-21,23.870001
2009-07-22,23.469999
2009-07-23,23.43
2009-07-24,23.09
2009-07-27,24.280001
2009-07-28,25.01
2009-07-29,25.610001
2009-07-30,25.4
2009-07-31,25.92
2009-08-03,25.559999
2009-08-04,24.889999
2009-08-05,24.9
2009-08-06,25.67
2009-08-07,24.76
2009-08-10,24.99
2009-08-11,25.99
2009-08-12,25.450001
2009-08-13,24.709999
2009-08-14,24.27
2009-08-17,27.889999
2009-08-18,26.18
2009-08-19,26.26
2009-08-20,25.09
2009-08-21,25.01
2009-08-24,25.139999
2009-08-25,24.92
2009-08-26,24.950001
2009-08-27,24.68
2009-08-28,24.76
2009-08-31,26.01
2009-09-01,29.15
2009-09-02,28.9
2009-09-03,27.1
2009-09-04,25.26
2009-09-08,25.620001
2009-09-09,24.32
2009-09-10,23.549999
2009-09-11,24.15
2009-09-14,23.860001
2009-09-15,23.42
2009-09-16,23.690001
2009-09-17,23.65
2009-09-18,23.92
2009-09-21,24.059999
2009-09-22,23.08
2009-09-23,23.49
2009-09-24,24.950001
2009-09-25,25.610001
2009-09-28,24.879999
2009-09-29,25.190001
2009-09-30,25.610001
2009-10-01,28.27
2009-10-02,28.68
2009-10-05,26.84
2009-10-06,25.700001
2009-10-07,24.68
2009-10-08,24.18
2009-10-09,23.120001
2009-10-12,23.01
2009-10-13,22.99
2009-10-14,22.860001
2009-10-15,21.719999
2009-10-16,21.43
2009-10-19,21.49
2009-10-20,20.9
2009-10-21,22.219999
2009-10-22,20.690001
2009-10-23,22.27
2009-10-26,24.309999
2009-10-27,24.83
2009-10-28,27.91
2009-10-29,24.76
2009-10-30,30.690001
2009-11-02,29.780001
2009-11-03,28.809999
2009-11-04,27.719999
2009-11-05,25.43
2009-11-06,24.190001
2009-11-09,23.15
2009-11-10,22.84
2009-11-11,23.0
2009-11-12,24.24
2009-11-13,23.360001
2009-11-16,22.889999
2009-11-17,22.41
2009-11-18,21.629999
2009-11-19,22.629999
2009-11-20,22.190001
2009-11-23,21.16
2009-11-24,20.469999
2009-11-25,20.48
2009-11-27,24.74
2009-11-30,24.51
2009-12-01,21.92
2009-12-02,21.120001
2009-12-03,22.459999
2009-12-04,21.25
2009-12-07,22.1
2009-12-08,23.690001
2009-12-09,22.66
2009-12-10,22.32
2009-12-11,21.59
2009-12-14,21.15
2009-12-15,21.5
2009-12-16,20.540001
2009-12-17,22.57
2009-12-18,21.68
2009-12-21,20.49
2009-12-22,19.540001
2009-12-23,19.709999
2009-12-24,19.469999
2009-12-28,19.93
2009-12-29,20.01
2009-12-30,19.959999
2009-12-31,21.68
2010-01-04,20.040001
2010-01-05,19.35
2010-01-06,19.16
2010-01-07,19.059999
2010-01-08,18.129999
2010-01-11,17.549999
2010-01-12,18.25
2010-01-13,17.85
2010-01-14,17.629999
2010-01-15,17.91
2010-01-19,17.58
2010-01-20,18.68
2010-01-21,22.27
2010-01-22,27.309999
2010-01-25,25.41
2010-01-26,24.549999
2010-01-27,23.139999
2010-01-28,23.73
2010-01-29,24.620001
2010-02-01,22.59
2010-02-02,21.48
2010-02-03,21.6
2010-02-04,26.08
2010-02-05,26.110001
2010-02-08,26.51
2010-02-09,26.0
2010-02-10,25.4
2010-02-11,23.959999
2010-02-12,22.73
2010-02-16,22.25
2010-02-17,21.719999
2010-02-18,20.629999
2010-02-19,20.02
2010-02-22,19.940001
2010-02-23,21.370001
2010-02-24,20.27
2010-02-25,20.1
2010-02-26,19.5
2010-03-01,19.26
2010-03-02,19.059999
2010-03-03,18.83
2010-03-04,18.719999
2010-03-05,17.42
2010-03-08,17.790001
2010-03-09,17.92
2010-03-10,18.57
2010-03-11,18.059999
2010-03-12,17.58
2010-03-15,18.0
2010-03-16,17.690001
2010-03-17,16.91
2010-03-18,16.620001
2010-03-19,16.969999
2010-03-22,16.870001
2010-03-23,16.35
2010-03-24,17.549999
2010-03-25,18.4
2010-03-26,17.77
2010-03-29,17.59
2010-03-30,17.129999
2010-03-31,17.59
2010-04-01,17.469999
2010-04-05,17.02
2010-04-06,16.23
2010-04-07,16.620001
2010-04-08,16.48
2010-04-09,16.139999
2010-04-12,15.58
2010-04-13,16.200001
2010-04-14,15.59
2010-04-15,15.89
2010-04-16,18.360001
2010-04-19,17.34
2010-04-20,15.73
2010-04-21,16.32
2010-04-22,16.469999
2010-04-23,16.620001
2010-04-26,17.469999
2010-04-27,22.809999
2010-04-28,21.08
2010-04-29,18.440001
2010-04-30,22.049999
2010-05-03,20.190001
2010-05-04,23.84
2010-05-05,24.91
2010-05-06,32.799999
2010-05-07,40.950001
2010-05-10,28.84
2010-05-11,28.32
2010-05-12,25.52
2010-05-13,26.68
2010-05-14,31.24
2010-05-17,30.84
2010-05-18,33.549999
2010-05-19,35.32
2010-05-20,45.790001
2010-05-21,40.099998
2010-05-24,38.32
2010-05-25,34.610001
2010-05-26,35.02
2010-05-27,29.68
2010-05-28,32.07
2010-06-01,35.540001
2010-06-02,30.17
2010-06-03,29.459999
2010-06-04,35.48
2010-06-07,36.57
2010-06-08,33.700001
2010-06-09,33.73
2010-06-10,30.57
2010-06-11,28.790001
2010-06-14,28.58
2010-06-15,25.870001
2010-06-16,25.92
2010-06-17,25.049999
2010-06-18,23.950001
2010-06-21,24.879999
2010-06-22,27.049999
2010-06-23,26.91
2010-06-24,29.74
2010-06-25,28.530001
2010-06-28,29.0
2010-06-29,34.130001
2010-06-30,34.540001
2010-07-01,32.860001
2010-07-02,30.120001
2010-07-06,29.65
2010-07-07,26.84
2010-07-08,25.709999
2010-07-09,24.98
2010-07-12,24.43
2010-07-13,24.559999
2010-07-14,24.889999
2010-07-15,25.139999
2010-07-16,26.25
2010-07-19,25.969999
2010-07-20,23.93
2010-07-21,25.639999
2010-07-22,24.629999
2010-07-23,23.469999
2010-07-26,22.780001
2010-07-27,23.190001
2010-07-28,24.25
2010-07-29,24.129999
2010-07-30,23.5
2010-08-02,22.01
2010-08-03,22.629999
2010-08-04,22.209999
2010-08-05,22.1
2010-08-06,21.74
2010-08-09,22.139999
2010-08-10,22.370001
2010-08-11,25.389999
2010-08-12,25.73
2010-08-13,26.24
2010-08-16,26.1
2010-08-17,24.33
2010-08-18,24.59
2010-08-19,26.440001
2010-08-20,25.49
2010-08-23,25.66
2010-08-24,27.459999
2010-08-25,26.700001
2010-08-26,27.370001
2010-08-27,24.450001
2010-08-30,27.209999
2010-08-31,26.049999
2010-09-01,23.889999
2010-09-02,23.190001
2010-09-03,21.309999
2010-09-07,23.799999
2010-09-08,23.25
2010-09-09,22.809999
2010-09-10,21.99
2010-09-13,21.209999
2010-09-14,21.559999
2010-09-15,22.1
2010-09-16,21.719999
2010-09-17,22.01
2010-09-20,21.5
2010-09-21,22.35
2010-09-22,22.51
2010-09-23,23.870001
2010-09-24,21.709999
2010-09-27,22.540001
2010-09-28,22.6
2010-09-29,23.25
2010-09-30,23.700001
2010-10-01,22.5
2010-10-04,23.530001
2010-10-05,21.76
2010-10-06,21.49
2010-10-07,21.559999
2010-10-08,20.709999
2010-10-11,18.959999
2010-10-12,18.93
2010-10-13,19.07
2010-10-14,19.879999
2010-10-15,19.030001
2010-10-18,19.09
2010-10-19,20.629999
2010-10-20,19.790001
2010-10-21,19.27
2010-10-22,18.780001
2010-10-25,19.85
2010-10-26,20.219999
2010-10-27,20.709999
2010-10-28,20.879999
2010-10-29,21.200001
2010-11-01,21.83
2010-11-02,21.57
2010-11-03,19.559999
2010-11-04,18.52
2010-11-05,18.26
2010-11-08,18.290001
2010-11-09,19.08
2010-11-10,18.469999
2010-11-11,18.639999
2010-11-12,20.610001
2010-11-15,20.200001
2010-11-16,22.58
2010-11-17,21.76
2010-11-18,18.75
2010-11-19,18.040001
2010-11-22,18.370001
2010-11-23,20.629999
2010-11-24,19.559999
2010-11-26,22.219999
2010-11-29,21.530001
2010-11-30,23.540001
2010-12-01,21.360001
2010-12-02,19.389999
2010-12-03,18.01
2010-12-06,18.02
2010-12-07,17.99
2010-12-08,17.74
2010-12-09,17.25
2010-12-10,17.610001
2010-12-13,17.549999
2010-12-14,17.610001
2010-12-15,17.940001
2010-12-16,17.389999
2010-12-17,16.110001
2010-12-20,16.41
2010-12-21,16.49
2010-12-22,15.45
2010-12-23,16.469999
2010-12-27,17.67
2010-12-28,17.52
2010-12-29,17.280001
2010-12-30,17.52
2010-12-31,17.75
2011-01-03,17.610001
2011-01-04,17.379999
2011-01-05,17.02
2011-01-06,17.4
2011-01-07,17.139999
2011-01-10,17.540001
2011-01-11,16.889999
2011-01-12,16.24
2011-01-13,16.389999
2011-01-14,15.46
2011-01-18,15.87
2011-01-19,17.309999
2011-01-20,17.99
2011-01-21,18.469999
2011-01-24,17.65
2011-01-25,17.59
2011-01-26,16.639999
2011-01-27,16.15
2011-01-28,20.040001
2011-01-31,19.530001
2011-02-01,17.629999
2011-02-02,17.299999
2011-02-03,16.690001
2011-02-04,15.93
2011-02-07,16.280001
2011-02-08,15.81
2011-02-09,15.87
2011-02-10,16.09
2011-02-11,15.69
2011-02-14,15.95
2011-02-15,16.370001
2011-02-16,16.719999
2011-02-17,16.59
2011-02-18,16.43
2011-02-22,20.799999
2011-02-23,22.129999
2011-02-24,21.32
2011-02-25,19.219999
2011-02-28,18.35
2011-03-01,21.01
2011-03-02,20.700001
2011-03-03,18.6
2011-03-04,19.059999
2011-03-07,20.66
2011-03-08,19.82
2011-03-09,20.219999
2011-03-10,21.790001
2011-03-11,20.08
2011-03-14,21.129999
2011-03-15,24.32
2011-03-16,29.4
2011-03-17,26.370001
2011-03-18,24.440001
2011-03-21,20.610001
2011-03-22,20.209999
2011-03-23,19.17
2011-03-24,18.0
2011-03-25,17.91
2011-03-28,19.440001
2011-03-29,18.16
2011-03-30,17.709999
2011-03-31,17.74
2011-04-01,17.4
2011-04-04,17.5
2011-04-05,17.25
2011-04-06,16.9
2011-04-07,17.110001
2011-04-08,17.870001
2011-04-11,16.59
2011-04-12,17.09
2011-04-13,16.92
2011-04-14,16.27
2011-04-15,15.32
2011-04-18,16.959999
2011-04-19,15.83
2011-04-20,15.07
2011-04-21,14.69
2011-04-25,15.77
2011-04-26,15.62
2011-04-27,15.35
2011-04-28,14.62
2011-04-29,14.75
2011-05-02,15.99
2011-05-03,16.700001
2011-05-04,17.08
2011-05-05,18.200001
2011-05-06,18.4
2011-05-09,17.16
2011-05-10,15.91
2011-05-11,16.950001
2011-05-12,16.030001
2011-05-13,17.07
2011-05-16,18.24
2011-05-17,17.549999
2011-05-18,16.23
2011-05-19,15.52
2011-05-20,17.43
2011-05-23,18.27
2011-05-24,17.82
2011-05-25,17.07
2011-05-26,16.09
2011-05-27,15.98
2011-05-31,15.45
2011-06-01,18.299999
2011-06-02,18.09
2011-06-03,17.950001
2011-06-06,18.49
2011-06-07,18.07
2011-06-08,18.790001
2011-06-09,17.77
2011-06-10,18.860001
2011-06-13,19.610001
2011-06-14,18.26
2011-06-15,21.32
2011-06-16,22.73
2011-06-17,21.85
2011-06-20,19.99
2011-06-21,18.860001
2011-06-22,18.52
2011-06-23,19.290001
2011-06-24,21.1
2011-06-27,20.559999
2011-06-28,19.17
2011-06-29,17.27
2011-06-30,16.52
2011-07-01,15.87
2011-07-05,16.059999
2011-07-06,16.34
2011-07-07,15.95
2011-07-08,15.95
2011-07-11,18.389999
2011-07-12,19.870001
2011-07-13,19.91
2011-07-14,20.799999
2011-07-15,19.530001
2011-07-18,20.950001
2011-07-19,19.209999
2011-07-20,19.09
2011-07-21,17.559999
2011-07-22,17.52
2011-07-25,19.35
2011-07-26,20.23
2011-07-27,22.98
2011-07-28,23.74
2011-07-29,25.25
2011-08-01,23.66
2011-08-02,24.790001
2011-08-03,23.379999
2011-08-04,31.66
2011-08-05,32.0
2011-08-08,48.0
2011-08-09,35.060001
2011-08-10,42.990002
2011-08-11,39.0
2011-08-12,36.360001
2011-08-15,31.870001
2011-08-16,32.849998
2011-08-17,31.58
2011-08-18,42.669998
2011-08-19,43.049999
2011-08-22,42.439999
2011-08-23,36.27
2011-08-24,35.900002
2011-08-25,39.759998
2011-08-26,35.59
2011-08-29,32.279999
2011-08-30,32.889999
2011-08-31,31.620001
2011-09-01,31.82
2011-09-02,33.919998
2011-09-06,37.0
2011-09-07,33.380001
2011-09-08,34.32
2011-09-09,38.52
2011-09-12,38.59
2011-09-13,36.91
2011-09-14,34.599998
2011-09-15,31.969999
2011-09-16,30.98
2011-09-19,32.73
2011-09-20,32.860001
2011-09-21,37.32
2011-09-22,41.349998
2011-09-23,41.25
2011-09-26,39.02
2011-09-27,37.709999
2011-09-28,41.080002
2011-09-29,38.84
2011-09-30,42.959999
2011-10-03,45.450001
2011-10-04,40.82
2011-10-05,37.810001
2011-10-06,36.27
2011-10-07,36.200001
2011-10-10,33.02
2011-10-11,32.860001
2011-10-12,31.26
2011-10-13,30.700001
2011-10-14,28.24
2011-10-17,33.389999
2011-10-18,31.559999
2011-10-19,34.439999
2011-10-20,34.779999
2011-10-21,31.32
2011-10-24,29.26
2011-10-25,32.220001
2011-10-26,29.860001
2011-10-27,25.459999
2011-10-28,24.530001
2011-10-31,29.959999
2011-11-01,34.77
2011-11-02,32.740002
2011-11-03,30.5
2011-11-04,30.16
2011-11-07,29.85
2011-11-08,27.48
2011-11-09,36.16
2011-11-10,32.810001
2011-11-11,30.040001
2011-11-14,31.129999
2011-11-15,31.219999
2011-11-16,33.509998
2011-11-17,34.509998
2011-11-18,32.0
2011-11-21,32.91
2011-11-22,31.969999
2011-11-23,33.98
2011-11-25,34.470001
2011-11-28,32.130001
2011-11-29,30.639999
2011-11-30,27.799999
2011-12-01,27.41
2011-12-02,27.52
2011-12-05,27.84
2011-12-06,28.129999
2011-12-07,28.67
2011-12-08,30.59
2011-12-09,26.379999
2011-12-12,25.67
2011-12-13,25.41
2011-12-14,26.040001
2011-12-15,25.110001
2011-12-16,24.290001
2011-12-19,24.92
2011-12-20,23.219999
2011-12-21,21.43
2011-12-22,21.16
2011-12-23,20.73
2011-12-27,21.91
2011-12-28,23.52
2011-12-29,22.65
2011-12-30,23.4
2012-01-03,22.969999
2012-01-04,22.219999
2012-01-05,21.48
2012-01-06,20.629999
2012-01-09,21.07
2012-01-10,20.690001
2012-01-11,21.049999
2012-01-12,20.469999
2012-01-13,20.91
2012-01-17,22.200001
2012-01-18,20.889999
2012-01-19,19.870001
2012-01-20,18.280001
2012-01-23,18.67
2012-01-24,18.91
2012-01-25,18.309999
2012-01-26,18.57
2012-01-27,18.530001
2012-01-30,19.4
2012-01-31,19.440001
2012-02-01,18.549999
2012-02-02,17.98
2012-02-03,17.1
2012-02-06,17.76
2012-02-07,17.67
2012-02-08,18.16
2012-02-09,18.629999
2012-02-10,20.77
2012-02-13,19.040001
2012-02-14,19.540001
2012-02-15,21.139999
2012-02-16,19.219999
2012-02-17,17.780001
2012-02-21,18.190001
2012-02-22,18.190001
2012-02-23,16.83
2012-02-24,17.309999
2012-02-27,18.18
2012-02-28,17.950001
2012-02-29,18.43
2012-03-01,17.26
2012-03-02,17.290001
2012-03-05,18.049999
2012-03-06,20.84
2012-03-07,19.07
2012-03-08,18.02
2012-03-09,17.110001
2012-03-12,15.64
2012-03-13,14.73
2012-03-14,15.31
2012-03-15,15.43
2012-03-16,14.43
2012-03-19,15.04
2012-03-20,15.58
2012-03-21,15.13
2012-03-22,15.68
2012-03-23,14.82
2012-03-26,14.26
2012-03-27,15.57
2012-03-28,15.47
2012-03-29,15.48
2012-03-30,15.5
2012-04-02,15.64
2012-04-03,15.66
2012-04-04,16.42
2012-04-05,16.700001
2012-04-09,18.809999
2012-04-10,20.389999
2012-04-11,20.02
2012-04-12,17.200001
2012-04-13,19.549999
2012-04-16,19.549999
2012-04-17,18.459999
2012-04-18,18.639999
2012-04-19,18.360001
2012-04-20,17.440001
2012-04-23,18.969999
2012-04-24,18.1
2012-04-25,16.82
2012-04-26,16.24
2012-04-27,16.32
2012-04-30,17.15
2012-05-01,16.6
2012-05-02,16.879999
2012-05-03,17.559999
2012-05-04,19.16
2012-05-07,18.940001
2012-05-08,19.049999
2012-05-09,20.08
2012-05-10,18.83
2012-05-11,19.889999
2012-05-14,21.870001
2012-05-15,21.969999
2012-05-16,22.27
2012-05-17,24.49
2012-05-18,25.1
2012-05-21,22.01
2012-05-22,22.48
2012-05-23,22.33
2012-05-24,21.540001
2012-05-25,21.76
2012-05-29,21.030001
2012-05-30,24.139999
2012-05-31,24.059999
2012-06-01,26.66
2012-06-04,26.120001
2012-06-05,24.68
2012-06-06,22.16
2012-06-07,21.719999
2012-06-08,21.23
2012-06-11,23.559999
2012-06-12,22.09
2012-06-13,24.27
2012-06-14,21.68
2012-06-15,21.110001
2012-06-18,18.32
2012-06-19,18.379999
2012-06-20,17.24
2012-06-21,20.08
2012-06-22,18.110001
2012-06-25,20.379999
2012-06-26,19.719999
2012-06-27,19.450001
2012-06-28,19.709999
2012-06-29,17.08
2012-07-02,16.799999
2012-07-03,16.66
2012-07-05,17.5
2012-07-06,17.1
2012-07-09,18.049999
2012-07-10,18.719999
2012-07-11,17.950001
2012-07-12,18.360001
2012-07-13,16.74
2012-07-16,17.110001
2012-07-17,16.48
2012-07-18,16.16
2012-07-19,15.45
2012-07-20,16.27
2012-07-23,18.620001
2012-07-24,20.469999
2012-07-25,19.34
2012-07-26,17.530001
2012-07-27,16.700001
2012-07-30,18.030001
2012-07-31,18.93
2012-08-01,18.959999
2012-08-02,17.57
2012-08-03,15.64
2012-08-06,15.95
2012-08-07,15.99
2012-08-08,15.32
2012-08-09,15.28
2012-08-10,14.74
2012-08-13,13.7
2012-08-14,14.85
2012-08-15,14.63
2012-08-16,14.29
2012-08-17,13.45
2012-08-20,14.02
2012-08-21,15.02
2012-08-22,15.11
2012-08-23,15.96
2012-08-24,15.18
2012-08-27,16.35
2012-08-28,16.49
2012-08-29,17.059999
2012-08-30,17.83
2012-08-31,17.469999
2012-09-04,17.98
2012-09-05,17.74
2012-09-06,15.63
2012-09-07,14.38
2012-09-10,16.280001
2012-09-11,16.41
2012-09-12,15.8
2012-09-13,14.05
2012-09-14,14.51
2012-09-17,14.59
2012-09-18,14.18
2012-09-19,13.88
2012-09-20,14.07
2012-09-21,13.98
2012-09-24,14.15
2012-09-25,15.43
2012-09-26,16.809999
2012-09-27,14.84
2012-09-28,15.73
2012-10-01,16.32
2012-10-02,15.71
2012-10-03,15.43
2012-10-04,14.55
2012-10-05,14.33
2012-10-08,15.11
2012-10-09,16.370001
2012-10-10,16.290001
2012-10-11,15.59
2012-10-12,16.139999
2012-10-15,15.27
2012-10-16,15.22
2012-10-17,15.07
2012-10-18,15.03
2012-10-19,16.969999
2012-10-22,16.620001
2012-10-23,18.83
2012-10-24,18.33
2012-10-25,18.120001
2012-10-26,17.809999
2012-10-31,18.6
2012-11-01,16.690001
2012-11-02,17.59
2012-11-05,18.42
2012-11-06,17.58
2012-11-07,19.08
2012-11-08,18.49
2012-11-09,18.610001
2012-11-12,16.68
2012-11-13,16.65
2012-11-14,17.92
2012-11-15,17.99
2012-11-16,16.41
2012-11-19,15.24
2012-11-20,15.08
2012-11-21,15.31
2012-11-23,15.14
2012-11-26,15.5
2012-11-27,15.92
2012-11-28,15.51
2012-11-29,15.06
2012-11-30,15.87
2012-12-03,16.639999
2012-12-04,17.120001
2012-12-05,16.459999
2012-12-06,16.58
2012-12-07,15.87
2012-12-10,16.049999
2012-12-11,15.57
2012-12-12,15.95
2012-12-13,16.559999
2012-12-14,16.99
2012-12-17,16.34
2012-12-18,15.57
2012-12-19,17.360001
2012-12-20,17.67
2012-12-21,17.84
2012-12-24,17.84
2012-12-26,19.48
2012-12-27,19.469999
2012-12-28,21.790001
2012-12-31,18.02
2013-01-02,14.68
2013-01-03,14.56
2013-01-04,13.83
2013-01-07,13.79
2013-01-08,13.62
2013-01-09,13.81
2013-01-10,13.49
2013-01-11,13.36
2013-01-14,13.52
2013-01-15,13.55
2013-01-16,13.42
2013-01-17,13.57
2013-01-18,12.46
2013-01-22,12.43
2013-01-23,12.46
2013-01-24,12.69
2013-01-25,12.89
2013-01-28,13.57
2013-01-29,13.31
2013-01-30,14.32
2013-01-31,14.38
2013-02-01,12.9
2013-02-04,14.67
2013-02-05,13.72
2013-02-06,13.41
2013-02-07,13.5
2013-02-08,13.02
2013-02-11,12.94
2013-02-12,12.64
2013-02-13,12.98
2013-02-14,12.66
2013-02-15,12.46
2013-02-19,12.31
2013-02-20,14.68
2013-02-21,15.22
2013-02-22,14.17
2013-02-25,18.99
2013-02-26,16.870001
2013-02-27,14.73
2013-02-28,15.51
2013-03-01,15.36
2013-03-04,14.01
2013-03-05,13.48
2013-03-06,13.53
2013-03-07,13.06
2013-03-08,12.59
2013-03-11,11.56
2013-03-12,12.27
2013-03-13,11.83
2013-03-14,11.3
2013-03-15,11.3
2013-03-18,13.36
2013-03-19,14.39
2013-03-20,12.67
2013-03-21,13.99
2013-03-22,13.57
2013-03-25,13.74
2013-03-26,12.77
2013-03-27,13.15
2013-03-28,12.7
2013-04-01,13.58
2013-04-02,12.76
2013-04-03,14.21
2013-04-04,13.89
2013-04-05,13.92
2013-04-08,13.19
2013-04-09,12.84
2013-04-10,12.36
2013-04-11,12.24
2013-04-12,12.06
2013-04-15,17.27
2013-04-16,13.96
2013-04-17,16.51
2013-04-18,17.559999
2013-04-19,14.97
2013-04-22,14.39
2013-04-23,13.48
2013-04-24,13.61
2013-04-25,13.62
2013-04-26,13.61
2013-04-29,13.71
2013-04-30,13.52
2013-05-01,14.49
2013-05-02,13.59
2013-05-03,12.85
2013-05-06,12.66
2013-05-07,12.83
2013-05-08,12.66
2013-05-09,13.13
2013-05-10,12.59
2013-05-13,12.55
2013-05-14,12.77
2013-05-15,12.81
2013-05-16,13.07
2013-05-17,12.45
2013-05-20,13.02
2013-05-21,13.37
2013-05-22,13.82
2013-05-23,14.07
2013-05-24,13.99
2013-05-28,14.48
2013-05-29,14.83
2013-05-30,14.53
2013-05-31,16.299999
2013-06-03,16.280001
2013-06-04,16.27
2013-06-05,17.5
2013-06-06,16.629999
2013-06-07,15.14
2013-06-10,15.44
2013-06-11,17.07
2013-06-12,18.59
2013-06-13,16.41
2013-06-14,17.15
2013-06-17,16.799999
2013-06-18,16.610001
2013-06-19,16.639999
2013-06-20,20.49
2013-06-21,18.9
2013-06-24,20.110001
2013-06-25,18.469999
2013-06-26,17.209999
2013-06-27,16.860001
2013-06-28,16.860001
2013-07-01,16.370001
2013-07-02,16.440001
2013-07-03,16.200001
2013-07-05,14.89
2013-07-08,14.78
2013-07-09,14.35
2013-07-10,14.21
2013-07-11,14.01
2013-07-12,13.84
2013-07-15,13.79
2013-07-16,14.42
2013-07-17,13.78
2013-07-18,13.77
2013-07-19,12.54
2013-07-22,12.29
2013-07-23,12.66
2013-07-24,13.18
2013-07-25,12.97
2013-07-26,12.72
2013-07-29,13.39
2013-07-30,13.39
2013-07-31,13.45
2013-08-01,12.99
2013-08-02,11.98
2013-08-05,11.84
2013-08-06,12.72
2013-08-07,12.98
2013-08-08,12.73
2013-08-09,13.41
2013-08-12,12.81
2013-08-13,12.31
2013-08-14,13.04
2013-08-15,14.73
2013-08-16,14.37
2013-08-19,15.1
2013-08-20,14.91
2013-08-21,15.94
2013-08-22,14.76
2013-08-23,14.06
2013-08-26,14.99
2013-08-27,16.82
2013-08-28,16.49
2013-08-29,16.809999
2013-08-30,17.01
2013-09-03,16.610001
2013-09-04,15.88
2013-09-05,15.77
2013-09-06,15.85
2013-09-09,15.63
2013-09-10,14.53
2013-09-11,13.82
2013-09-12,14.29
2013-09-13,14.16
2013-09-16,14.42
2013-09-17,14.53
2013-09-18,13.59
2013-09-19,13.16
2013-09-20,13.12
2013-09-23,14.31
2013-09-24,14.08
2013-09-25,14.01
2013-09-26,14.06
2013-09-27,15.46
2013-09-30,16.6
2013-10-01,15.54
2013-10-02,16.6
2013-10-03,17.67
2013-10-04,16.74
2013-10-07,19.41
2013-10-08,20.34
2013-10-09,19.6
2013-10-10,16.48
2013-10-11,15.72
2013-10-14,16.07
2013-10-15,18.66
2013-10-16,14.71
2013-10-17,13.48
2013-10-18,13.04
2013-10-21,13.16
2013-10-22,13.33
2013-10-23,13.42
2013-10-24,13.2
2013-10-25,13.09
2013-10-28,13.31
2013-10-29,13.41
2013-10-30,13.65
2013-10-31,13.75
2013-11-01,13.28
2013-11-04,12.93
2013-11-05,13.27
2013-11-06,12.68
2013-11-07,13.91
2013-11-08,12.9
2013-11-11,12.53
2013-11-12,12.82
2013-11-13,12.52
2013-11-14,12.37
2013-11-15,12.19
2013-11-18,13.1
2013-11-19,13.42
2013-11-20,13.4
2013-11-21,12.66
2013-11-22,12.26
2013-11-25,12.79
2013-11-26,12.81
2013-11-27,12.98
2013-11-29,13.7
2013-12-02,14.23
2013-12-03,14.55
2013-12-04,14.7
2013-12-05,15.08
2013-12-06,13.79
2013-12-09,13.49
2013-12-10,13.91
2013-12-11,15.35
2013-12-12,15.54
2013-12-13,15.76
2013-12-16,16.030001
2013-12-17,16.209999
2013-12-18,13.8
2013-12-19,14.15
2013-12-20,13.79
2013-12-23,13.04
2013-12-24,12.48
2013-12-26,12.33
2013-12-27,12.46
2013-12-30,13.56
2013-12-31,13.72
2014-01-02,14.23
2014-01-03,13.76
2014-01-06,13.55
2014-01-07,12.92
2014-01-08,12.87
2014-01-09,12.89
2014-01-10,12.14
2014-01-13,13.28
2014-01-14,12.28
2014-01-15,12.28
2014-01-16,12.53
2014-01-17,12.44
2014-01-21,12.87
2014-01-22,12.84
2014-01-23,13.77
2014-01-24,17.879999
2014-01-27,17.42
2014-01-28,15.8
2014-01-29,17.35
2014-01-30,17.290001
2014-01-31,18.41
2014-02-03,21.440001
2014-02-04,19.110001
2014-02-05,19.950001
2014-02-06,17.23
2014-02-07,15.31
2014-02-10,15.26
2014-02-11,14.51
2014-02-12,14.3
2014-02-13,14.14
2014-02-14,13.57
2014-02-18,13.87
2014-02-19,15.5
2014-02-20,14.79
2014-02-21,14.68
2014-02-24,14.23
2014-02-25,13.67
2014-02-26,14.35
2014-02-27,14.04
2014-02-28,14.0
2014-03-03,16.0
2014-03-04,14.1
2014-03-05,13.89
2014-03-06,14.21
2014-03-07,14.11
2014-03-10,14.2
2014-03-11,14.8
2014-03-12,14.47
2014-03-13,16.219999
2014-03-14,17.82
2014-03-17,15.64
2014-03-18,14.52
2014-03-19,15.12
2014-03-20,14.52
2014-03-21,15.0
2014-03-24,15.09
2014-03-25,14.02
2014-03-26,14.93
2014-03-27,14.62
2014-03-28,14.41
2014-03-31,13.88
2014-04-01,13.1
2014-04-02,13.09
2014-04-03,13.37
2014-04-04,13.96
2014-04-07,15.57
2014-04-08,14.89
2014-04-09,13.82
2014-04-10,15.89
2014-04-11,17.030001
2014-04-14,16.18
2014-04-15,15.61
2014-04-16,14.18
2014-04-17,13.36
2014-04-21,13.25
2014-04-22,13.19
2014-04-23,13.27
2014-04-24,13.32
2014-04-25,14.06
2014-04-28,13.97
2014-04-29,13.71
2014-04-30,13.41
2014-05-01,13.25
2014-05-02,12.91
2014-05-05,13.29
2014-05-06,13.8
2014-05-07,13.4
2014-05-08,13.43
2014-05-09,12.92
2014-05-12,12.23
2014-05-13,12.13
2014-05-14,12.17
2014-05-15,13.17
2014-05-16,12.44
2014-05-19,12.42
2014-05-20,12.96
2014-05-21,11.91
2014-05-22,12.03
2014-05-23,11.36
2014-05-27,11.51
2014-05-28,11.68
2014-05-29,11.57
2014-05-30,11.4
2014-06-02,11.58
2014-06-03,11.87
2014-06-04,12.08
2014-06-05,11.68
2014-06-06,10.73
2014-06-09,11.15
2014-06-10,10.99
2014-06-11,11.6
2014-06-12,12.56
2014-06-13,12.18
2014-06-16,12.65
2014-06-17,12.06
2014-06-18,10.61
2014-06-19,10.62
2014-06-20,10.85
2014-06-23,10.98
2014-06-24,12.13
2014-06-25,11.59
2014-06-26,11.63
2014-06-27,11.26
2014-06-30,11.57
2014-07-01,11.15
2014-07-02,10.82
2014-07-03,10.32
2014-07-07,11.33
2014-07-08,11.98
2014-07-09,11.65
2014-07-10,12.59
2014-07-11,12.08
2014-07-14,11.82
2014-07-15,11.96
2014-07-16,11.0
2014-07-17,14.54
2014-07-18,12.06
2014-07-21,12.81
2014-07-22,12.24
2014-07-23,11.52
2014-07-24,11.84
2014-07-25,12.69
2014-07-28,12.56
2014-07-29,13.28
2014-07-30,13.33
2014-07-31,16.950001
2014-08-01,17.030001
2014-08-04,15.12
2014-08-05,16.870001
2014-08-06,16.370001
2014-08-07,16.66
2014-08-08,15.77
2014-08-11,14.23
2014-08-12,14.13
2014-08-13,12.9
2014-08-14,12.42
2014-08-15,13.15
2014-08-18,12.32
2014-08-19,12.21
2014-08-20,11.78
2014-08-21,11.76
2014-08-22,11.47
2014-08-25,11.7
2014-08-26,11.63
2014-08-27,11.78
2014-08-28,12.05
2014-08-29,12.09
2014-09-02,12.25
2014-09-03,12.36
2014-09-04,12.64
2014-09-05,12.09
2014-09-08,12.66
2014-09-09,13.5
2014-09-10,12.88
2014-09-11,12.8
2014-09-12,13.31
2014-09-15,14.12
2014-09-16,12.73
2014-09-17,12.65
2014-09-18,12.03
2014-09-19,12.11
2014-09-22,13.69
2014-09-23,14.93
2014-09-24,13.27
2014-09-25,15.64
2014-09-26,14.85
2014-09-29,15.98
2014-09-30,16.309999
2014-10-01,16.709999
2014-10-02,16.16
2014-10-03,14.55
2014-10-06,15.46
2014-10-07,17.200001
2014-10-08,15.11
2014-10-09,18.76
2014-10-10,21.24
2014-10-13,24.639999
2014-10-14,22.790001
2014-10-15,25.27
2014-10-16,25.200001
2014-10-17,21.99
2014-10-20,18.57
2014-10-21,16.08
2014-10-22,17.870001
2014-10-23,16.530001
2014-10-24,16.110001
2014-10-27,16.040001
2014-10-28,14.39
2014-10-29,15.15
2014-10-30,14.52
2014-10-31,14.03
2014-11-03,14.73
2014-11-04,14.89
2014-11-05,14.17
2014-11-06,13.67
2014-11-07,13.12
2014-11-10,12.67
2014-11-11,12.92
2014-11-12,13.02
2014-11-13,13.79
2014-11-14,13.31
2014-11-17,13.99
2014-11-18,13.86
2014-11-19,13.96
2014-11-20,13.58
2014-11-21,12.9
2014-11-24,12.62
2014-11-25,12.25
2014-11-26,12.07
2014-11-28,13.33
2014-12-01,14.16
2014-12-02,12.85
2014-12-03,12.5
2014-12-04,12.38
2014-12-05,11.89
2014-12-08,14.21
2014-12-09,15.35
2014-12-10,18.530001
2014-12-11,20.08
2014-12-12,21.08
2014-12-15,20.42
2014-12-16,23.57
2014-12-17,19.440001
2014-12-18,16.809999
2014-12-19,16.49
2014-12-22,15.25
2014-12-23,14.8
2014-12-24,14.37
2014-12-26,14.5
2014-12-29,15.06
2014-12-30,15.92
2014-12-31,19.200001
2015-01-02,17.790001
2015-01-05,19.92
2015-01-06,21.120001
2015-01-07,19.309999
2015-01-08,17.01
2015-01-09,17.549999
2015-01-12,19.6
2015-01-13,20.559999
2015-01-14,21.48
2015-01-15,22.389999
2015-01-16,20.950001
2015-01-20,19.889999
2015-01-21,18.85
2015-01-22,16.4
2015-01-23,16.66
2015-01-26,15.52
2015-01-27,17.219999
2015-01-28,20.440001
2015-01-29,18.76
2015-01-30,20.969999
2015-02-02,19.43
2015-02-03,17.33
2015-02-04,18.33
2015-02-05,16.85
2015-02-06,17.290001
2015-02-09,18.549999
2015-02-10,17.23
2015-02-11,16.959999
2015-02-12,15.34
2015-02-13,14.69
2015-02-17,15.8
2015-02-18,15.45
2015-02-19,15.29
2015-02-20,14.3
2015-02-23,14.56
2015-02-24,13.69
2015-02-25,13.84
2015-02-26,13.91
2015-02-27,13.34
2015-03-02,13.04
2015-03-03,13.86
2015-03-04,14.23
2015-03-05,14.04
2015-03-06,15.2
2015-03-09,15.06
2015-03-10,16.690001
2015-03-11,16.870001
2015-03-12,15.42
2015-03-13,16.0
2015-03-16,15.61
2015-03-17,15.66
2015-03-18,13.97
2015-03-19,14.07
2015-03-20,13.02
2015-03-23,13.41
2015-03-24,13.62
2015-03-25,15.44
2015-03-26,15.8
2015-03-27,15.07
2015-03-30,14.51
2015-03-31,15.29
2015-04-01,15.11
2015-04-02,14.67
2015-04-06,14.74
2015-04-07,14.78
2015-04-08,13.98
2015-04-09,13.09
2015-04-10,12.58
2015-04-13,13.94
2015-04-14,13.67
2015-04-15,12.84
2015-04-16,12.6
2015-04-17,13.89
2015-04-20,13.3
2015-04-21,13.25
2015-04-22,12.71
2015-04-23,12.48
2015-04-24,12.29
2015-04-27,13.12
2015-04-28,12.41
2015-04-29,13.39
2015-04-30,14.55
2015-05-01,12.7
2015-05-04,12.85
2015-05-05,14.31
2015-05-06,15.15
2015-05-07,15.13
2015-05-08,12.86
2015-05-11,13.85
2015-05-12,13.86
2015-05-13,13.76
2015-05-14,12.74
2015-05-15,12.38
2015-05-18,12.73
2015-05-19,12.85
2015-05-20,12.88
2015-05-21,12.11
2015-05-22,12.13
2015-05-26,14.06
2015-05-27,13.27
2015-05-28,13.31
2015-05-29,13.84
2015-06-01,13.97
2015-06-02,14.24
2015-06-03,13.66
2015-06-04,14.71
2015-06-05,14.21
2015-06-08,15.29
2015-06-09,14.47
2015-06-10,13.22
2015-06-11,12.85
2015-06-12,13.78
2015-06-15,15.39
2015-06-16,14.81
2015-06-17,14.5
2015-06-18,13.19
2015-06-19,13.96
2015-06-22,12.74
2015-06-23,12.11
2015-06-24,13.26
2015-06-25,14.01
2015-06-26,14.02
2015-06-29,18.85
2015-06-30,18.23
2015-07-01,16.09
2015-07-02,16.790001
2015-07-06,17.01
2015-07-07,16.09
2015-07-08,19.66
2015-07-09,19.969999
2015-07-10,16.83
2015-07-13,13.9
2015-07-14,13.37
2015-07-15,13.23
2015-07-16,12.11
2015-07-17,11.95
2015-07-20,12.25
2015-07-21,12.22
2015-07-22,12.12
2015-07-23,12.64
2015-07-24,13.74
2015-07-27,15.6
2015-07-28,13.44
2015-07-29,12.5
2015-07-30,12.13
2015-07-31,12.12
2015-08-03,12.56
2015-08-04,13.0
2015-08-05,12.51
2015-08-06,13.77
2015-08-07,13.39
2015-08-10,12.23
2015-08-11,13.71
2015-08-12,13.61
2015-08-13,13.49
2015-08-14,12.83
2015-08-17,13.02
2015-08-18,13.79
2015-08-19,15.25
2015-08-20,19.139999
2015-08-21,28.030001
2015-08-24,40.740002
2015-08-25,36.02
2015-08-26,30.32
2015-08-27,26.1
2015-08-28,26.049999
2015-08-31,28.43
2015-09-01,31.4
2015-09-02,26.09
2015-09-03,25.610001
2015-09-04,27.799999
2015-09-08,24.9
2015-09-09,26.23
2015-09-10,24.370001
2015-09-11,23.200001
2015-09-14,24.25
2015-09-15,22.540001
2015-09-16,21.35
2015-09-17,21.139999
2015-09-18,22.280001
2015-09-21,20.139999
2015-09-22,22.440001
2015-09-23,22.129999
2015-09-24,23.469999
2015-09-25,23.620001
2015-09-28,27.629999
2015-09-29,26.83
2015-09-30,24.5
2015-10-01,22.549999
2015-10-02,20.940001
2015-10-05,19.540001
2015-10-06,19.4
2015-10-07,18.4
2015-10-08,17.42
2015-10-09,17.08
2015-10-12,16.17
2015-10-13,17.67
2015-10-14,18.030001
2015-10-15,16.049999
2015-10-16,15.05
2015-10-19,14.98
2015-10-20,15.75
2015-10-21,16.700001
2015-10-22,14.45
2015-10-23,14.46
2015-10-26,15.29
2015-10-27,15.43
2015-10-28,14.33
2015-10-29,14.61
2015-10-30,15.07
2015-11-02,14.15
2015-11-03,14.54
2015-11-04,15.51
2015-11-05,15.05
2015-11-06,14.33
2015-11-09,16.52
2015-11-10,15.29
2015-11-11,16.059999
2015-11-12,18.370001
2015-11-13,20.08
2015-11-16,18.16
2015-11-17,18.84
2015-11-18,16.85
2015-11-19,16.99
2015-11-20,15.47
2015-11-23,15.62
2015-11-24,15.93
2015-11-25,15.19
2015-11-27,15.12
2015-11-30,16.129999
2015-12-01,14.67
2015-12-02,15.91
2015-12-03,18.110001
2015-12-04,14.81
2015-12-07,15.84
2015-12-08,17.6
2015-12-09,19.610001
2015-12-10,19.34
2015-12-11,24.389999
2015-12-14,22.73
2015-12-15,20.950001
2015-12-16,17.860001
2015-12-17,18.940001
2015-12-18,20.700001
2015-12-21,18.700001
2015-12-22,16.6
2015-12-23,15.57
2015-12-24,15.74
2015-12-28,16.91
2015-12-29,16.08
2015-12-30,17.290001
2015-12-31,18.209999
2016-01-04,20.700001
2016-01-05,19.34
2016-01-06,20.59
2016-01-07,24.99
2016-01-08,27.01
2016-01-11,24.299999
2016-01-12,22.469999
2016-01-13,25.219999
2016-01-14,23.950001
2016-01-15,27.02
2016-01-19,26.049999
2016-01-20,27.59
2016-01-21,26.690001
2016-01-22,22.34
2016-01-25,24.15
2016-01-26,22.5
2016-01-27,23.110001
2016-01-28,22.42
2016-01-29,20.200001
2016-02-01,19.98
2016-02-02,21.98
2016-02-03,21.65
2016-02-04,21.84
2016-02-05,23.379999
2016-02-08,26.0
2016-02-09,26.540001
2016-02-10,26.290001
2016-02-11,28.139999
2016-02-12,25.4
2016-02-16,24.110001
2016-02-17,22.309999
2016-02-18,21.639999
2016-02-19,20.530001
2016-02-22,19.379999
2016-02-23,20.98
2016-02-24,20.719999
2016-02-25,19.110001
2016-02-26,19.809999
2016-02-29,20.549999
2016-03-01,17.700001
2016-03-02,17.09
2016-03-03,16.700001
2016-03-04,16.860001
2016-03-07,17.35
2016-03-08,18.67
2016-03-09,18.34
2016-03-10,18.049999
2016-03-11,16.5
2016-03-14,16.92
2016-03-15,16.84
2016-03-16,14.99
2016-03-17,14.44
2016-03-18,14.02
